Date,Direct,Regular,,
31-3-2025,85.8001,78.8834,,
28-3-2025,85.8371,78.922,,
27-3-2025,86.4471,79.4843,,
26-3-2025,86.3858,79.4295,,
25-3-2025,86.9378,79.9385,,
24-3-2025,86.9302,79.933,,
21-3-2025,85.8483,78.9428,,
20-3-2025,85.2293,78.3751,,
19-3-2025,84.7678,77.9522,,
18-3-2025,84.2963,77.52,,
17-03-2025,83.7786,77.0455,,
13-03-2025,83.0488,76.3801,,
12-03-2025,83.5579,76.8498,,
11-03-2025,83.2603,76.5775,,
10-03-2025,83.337,76.6495,,
07-03-2025,83.8166,77.0951,,
06-03-2025,83.8674,77.1432,,
05-03-2025,83.7353,77.0232,,
04-03-2025,82.6843,76.0579,,
03-03-2025,82.891,76.2495,,
28-02-2025,83.4913,76.8061,,
27-02-2025,84.1972,77.4569,,
25-02-2025,84.2928,77.5478,,
24-02-2025,84.5628,77.7977,,
21-02-2025,85.1573,78.3492,,
20-02-2025,85.9271,79.0589,,
19-02-2025,85.7517,78.899,,
18-02-2025,85.8927,79.0303,,
17-02-2025,85.972,79.1047,,
14-02-2025,85.811,78.9611,,
13-02-2025,86.1979,79.3186,,
12-02-2025,85.9582,79.0996,,
11-02-2025,85.9313,79.0763,,
10-02-2025,86.8683,79.94,,
07-02-2025,87.236,80.283,,
06-02-2025,87.7441,80.7522,,
05-02-2025,87.7154,80.7273,,
04-02-2025,87.9923,80.9837,,
03-02-2025,87.379,80.4208,,
31-01-2025,87.4349,80.4768,,
30-01-2025,86.4548,79.5762,,
29-01-2025,86.3242,79.4575,,
28-01-2025,85.6737,78.8602,,
27-01-2025,85.2707,78.4908,,
24-01-2025,86.1202,79.2773,,
23-01-2025,86.4111,79.5466,,
22-01-2025,86.2997,79.4455,,
21-01-2025,85.7245,78.9175,,
20-01-2025,86.3561,79.5005,,
17-01-2025,85.9236,79.1069,,
16-01-2025,86.0419,79.2173,,
15-01-2025,86.0188,79.1975,,
14-01-2025,85.3784,78.6094,,
13-01-2025,85.0944,78.3494,,
10-01-2025,86.2777,79.4434,,
09-01-2025,86.9907,80.1015,,
08-01-2025,87.3422,80.4267,,
07-01-2025,87.2939,80.3837,,
06-01-2025,87.3465,80.4337,,
03-01-2025,88.499,81.4997,,
02-01-2025,89.0106,81.9723,,
01-01-2025,87.9456,80.9931,,
31-12-2024,87.673,80.7436,,
30-12-2024,87.9604,81.0098,,
27-12-2024,87.6015,80.6839,,
26-12-2024,87.5536,80.6413,,
24-12-2024,87.4392,80.539,,
23-12-2024,87.4345,80.5362,,
20-12-2024,86.8824,80.0322,,
19-12-2024,87.9504,81.0176,,
18-12-2024,88.1624,81.2144,,
17-12-2024,89.1389,82.1155,,
16-12-2024,89.6441,82.5825,,
13-12-2024,89.4327,82.3924,,
12-12-2024,89.1992,82.1788,,
11-12-2024,89.405,82.37,,
10-12-2024,88.9747,81.9752,,
09-12-2024,88.7982,81.8141,,
06-12-2024,88.6888,81.718,,
05-12-2024,88.384,81.4387,,
04-12-2024,87.856,80.9537,,
03-12-2024,87.8085,80.9114,,
02-12-2024,87.2842,80.4299,,
29-11-2024,86.7639,79.955,,
28-11-2024,86.4025,79.6235,,
27-11-2024,86.9216,80.1034,,
26-11-2024,86.9017,80.0866,,
25-11-2024,86.9296,80.1138,,
22-11-2024,86.2203,79.4646,,
21-11-2024,85.2303,78.5537,,
19-11-2024,85.5699,78.8697,,
18-11-2024,85.2443,78.5711,,
14-11-2024,85.7371,79.0313,,
13-11-2024,85.5923,78.8994,,
12-11-2024,86.5864,79.8173,,
11-11-2024,87.2638,80.4432,,
08-11-2024,86.7847,80.0062,,
07-11-2024,86.8705,80.0868,,
06-11-2024,87.0848,80.2858,,
05-11-2024,86.3781,79.6359,,
04-11-2024,85.7645,79.0716,,
31-10-2024,85.9814,79.2777,,
30-10-2024,86.5263,79.7816,,
29-10-2024,86.8599,80.0907,,
28-10-2024,86.3152,79.59,,
25-10-2024,86.1527,79.4447,,
24-10-2024,86.4618,79.7312,,
23-10-2024,86.4885,79.7573,,
22-10-2024,86.6405,79.899,,
21-10-2024,87.3748,80.5778,,
18-10-2024,87.6683,80.8531,,
17-10-2024,87.2415,80.4609,,
16-10-2024,87.7578,80.9386,,
15-10-2024,88.092,81.2485,,
14-10-2024,87.8732,81.0482,,
11-10-2024,87.5377,80.7433,,
10-10-2024,87.4292,80.6448,,
09-10-2024,86.9591,80.2127,,
08-10-2024,86.6821,79.9587,,
07-10-2024,85.9761,79.309,,
04-10-2024,87.0233,80.2796,,
03-10-2024,87.4673,80.6907,,
01-10-2024,88.6465,81.7818,,
30-09-2024,88.6165,81.7556,,
27-09-2024,89.1507,82.2531,,
26-09-2024,89.5987,82.668,,
25-09-2024,89.1877,82.2904,,
24-09-2024,88.9023,82.0287,,
23-09-2024,88.969,82.0917,,
20-09-2024,88.7115,81.8588,,
19-09-2024,87.5326,80.7725,,
18-09-2024,87.2969,80.5565,,
17-09-2024,87.0823,80.36,,
16-09-2024,87.0366,80.3193,,
13-09-2024,86.6894,80.0035,,
12-09-2024,86.6981,80.013,,
11-09-2024,85.7029,79.0961,,
10-09-2024,85.6503,79.049,,
09-09-2024,85.0535,78.4998,,
06-09-2024,85.1393,78.5834,,
05-09-2024,86.2323,79.5937,,
04-09-2024,86.2083,79.5731,,
03-09-2024,86.4139,79.7643,,
02-09-2024,86.3868,79.7409,,
30-08-2024,85.8868,79.2838,,
29-08-2024,85.6244,79.0431,,
28-08-2024,85.5251,78.9529,,
27-08-2024,85.7119,79.1269,,
26-08-2024,85.7622,79.1748,,
23-08-2024,85.4119,78.8559,,
22-08-2024,85.2776,78.7334,,
21-08-2024,85.3124,78.767,,
20-08-2024,85.1607,78.6284,,
19-08-2024,84.6819,78.1878,,
16-08-2024,84.3808,77.9143,,
14-08-2024,82.9981,76.6405,,
13-08-2024,83.1029,76.7387,,
12-08-2024,83.7172,77.3074,,
09-08-2024,83.8388,77.4241,,
08-08-2024,83.283,76.9123,,
07-08-2024,83.4186,77.039,,
06-08-2024,82.1857,75.9018,,
05-08-2024,82.2479,75.9607,,
02-08-2024,84.4466,77.9957,,
01-08-2024,85.3407,78.8231,,
31-07-2024,84.9013,78.4187,,
30-07-2024,84.4549,78.0078,,
29-07-2024,84.2303,77.8019,,
26-07-2024,84.0106,77.6033,,
25-07-2024,82.9565,76.6311,,
24-07-2024,83.3111,76.9601,,
23-07-2024,83.8404,77.4505,,
22-07-2024,83.7829,77.3989,,
19-07-2024,83.2619,76.922,,
18-07-2024,84.0002,77.6055,,
16-07-2024,84.3059,77.8908,,
15-07-2024,84.3118,77.8978,,
12-07-2024,84.1068,77.7128,,
11-07-2024,84.0095,77.6244,,
10-07-2024,84.1974,77.7995,,
09-07-2024,84.364,77.9549,,
08-07-2024,83.9784,77.6001,,
05-07-2024,83.9205,77.5509,,
04-07-2024,83.819,77.4586,,
03-07-2024,83.2879,76.9693,,
02-07-2024,82.5255,76.2662,,
01-07-2024,82.5054,76.249,,
28-06-2024,81.9385,75.7294,,
27-06-2024,82.0557,75.8392,,
26-06-2024,81.769,75.5757,,
25-06-2024,81.7742,75.5819,,
24-06-2024,81.4983,75.3283,,
21-06-2024,81.2542,75.107,,
20-06-2024,81.3351,75.1831,,
19-06-2024,81.0075,74.8817,,
18-06-2024,80.9622,74.8413,,
14-06-2024,80.7598,74.6598,,
13-06-2024,80.5839,74.4986,,
12-06-2024,80.7448,74.6489,,
11-06-2024,80.2586,74.2008,,
10-06-2024,80.15,74.102,,
07-06-2024,79.7653,73.7507,,
06-06-2024,78.8155,72.874,,
05-06-2024,78.0896,72.2043,,
04-06-2024,76.0338,70.3049,,
03-06-2024,79.3574,73.3795,,
31-05-2024,77.7696,71.9157,,
30-05-2024,77.7259,71.8767,,
29-05-2024,78.3817,72.4847,,
28-05-2024,78.6572,72.7409,,
27-05-2024,78.9329,72.9974,,
24-05-2024,78.9749,73.0407,,
23-05-2024,78.9077,72.98,,
22-05-2024,78.6082,72.7045,,
21-05-2024,78.5887,72.6879,,
17-05-2024,78.1173,72.2578,,
16-05-2024,77.827,71.9908,,
15-05-2024,77.6977,71.8726,,
14-05-2024,77.2781,71.4859,,
13-05-2024,76.9965,71.2269,,
10-05-2024,76.8,71.0494,,
09-05-2024,76.4133,70.6931,,
08-05-2024,77.4499,71.6535,,
07-05-2024,77.2593,71.4786,,
06-05-2024,77.7623,71.9455,,
03-05-2024,77.6579,71.8533,,
02-05-2024,77.5363,71.7423,,
30-04-2024,76.9642,71.2158,,
29-04-2024,77.3108,71.538,,
26-04-2024,77.4182,71.6417,,
25-04-2024,76.989,71.2459,,
24-04-2024,76.8651,71.1328,,
23-04-2024,76.5885,70.8782,,
22-04-2024,76.0642,70.3944,,
19-04-2024,75.4004,69.7843,,
18-04-2024,75.329,69.7197,,
16-04-2024,75.7907,70.1498,,
15-04-2024,75.8301,70.1876,,
12-04-2024,76.7069,71.0036,,
10-04-2024,77.2477,71.5071,,
09-04-2024,76.9761,71.2571,,
08-04-2024,76.7286,71.0294,,
05-04-2024,76.3282,70.663,,
04-04-2024,75.7866,70.1632,,
03-04-2024,75.7476,70.1284,,
02-04-2024,75.6672,70.0554,,
01-04-2024,75.7331,70.1179,,
31-03-2024,74.8685,69.3187,,
28-03-2024,74.8659,69.3206,,
27-03-2024,74.4617,68.9477,,
26-03-2024,74.5943,69.0719,,
22-03-2024,74.8984,69.3592,,
21-03-2024,74.4738,68.9674,,
20-03-2024,73.79,68.3355,,
19-03-2024,73.4526,68.0244,,
18-3-2024,73.8482,68.3922,,
15-3-2024,73.6088,68.1746,,
14-3-2024,74.0899,68.6216,,
13-3-2024,73.6481,68.2138,,
12-3-2024,74.8438,69.3227,,
11-3-2024,74.6367,69.1323,,
7-3-2024,75.4666,69.9067,,
6-3-2024,75.3257,69.7776,,
5-3-2024,75.289,69.745,,
4-3-2024,75.6458,70.077,,
1-3-2024,75.431,69.8822,,
29-2-2024,74.7901,69.2899,,
28-2-2024,74.1358,68.6851,,
27-2-2024,75.0318,69.5167,,
26-02-2024,74.8684,69.3667,,
23-02-2024,75.1258,69.6094,,
22-02-2024,75.1418,69.6257,,
21-02-2024,74.3969,68.9368,,
20-02-2024,75.0243,69.5196,,
19-02-2024,74.8544,69.3635,,
16-2-2024,74.8005,69.3179,,
15-2-2024,74.7137,69.2389,,
14-2-2024,74.365,68.9171,,
13-2-2024,73.7502,68.3488,,
12-2-2024,73.4745,68.0946,,
9-2-2024,74.2799,68.8453,,
8-2-2024,74.1961,68.769,,
7-2-2024,74.3294,68.894,,
6-2-2024,74.0825,68.6664,,
5-2-2024,73.6952,68.3088,,
2-2-2024,73.7564,68.3697,,
1-2-2024,72.5346,67.2385,,
31-1-2024,71.9746,66.7209,,
30-01-2024,71.7106,66.4775,,
29-01-2024,72.1704,66.905,,
25-01-2024,71.2065,66.0168,,
24-01-2024,71.391,66.1892,,
23-01-2024,70.4662,65.3332,,
19-01-2024,71.315,66.1255,,
18-01-2024,70.3466,65.2289,,
17-1-2024,70.5289,65.3992,,
16-1-2024,71.6219,66.4141,,
15-1-2024,71.8577,66.6342,,
12-1-2024,71.2789,66.1014,,
11-1-2024,71.0366,65.8781,,
10-1-2024,70.7891,65.6499,,
9-1-2024,70.5527,65.432,,
8-1-2024,70.3416,65.2376,,
5-1-2024,70.4903,65.3794,,
4-1-2024,70.4573,65.3502,,
3-1-2024,70.2262,65.1372,,
2-1-2024,70.3278,65.2327,,
1-1-2024,70.4621,65.3586,,
29-12-2023,70.2435,65.1598,,
28-12-2023,70.3524,65.2621,,
27-12-2023,70.0497,64.9827,,
26-12-2023,69.8354,64.7852,,
22-12-2023,69.6049,64.5766,,
21-12-2023,69.2775,64.2742,,
20-12-2023,68.9027,63.9277,,
19-12-2023,69.8439,64.8023,,
18-12-2023,69.6142,64.5905,,
15-12-2023,69.5862,64.5685,,
14-12-2023,69.4422,64.4362,,
13-12-2023,69.1475,64.1641,,
12-12-2023,68.7156,63.7646,,
11-12-2023,68.7782,63.824,,
08-12-2023,68.9547,63.9917,,
07-12-2023,68.9912,64.0269,,
06-12-2023,68.3887,63.469,,
05-12-2023,68.3237,63.41,,
04-12-2023,67.9811,63.0933,,
01-12-2023,67.1793,62.353,,
30-11-2023,67.0067,62.194,,
29-11-2023,66.9516,62.1441,,
28-11-2023,66.6512,61.8665,,
24-11-2023,66.3522,61.594,,
23-11-2023,66.3622,61.6046,,
22-11-2023,66.2382,61.4907,,
21-11-2023,66.0704,61.3362,,
20-11-2023,66.0121,61.2833,,
17-11-2023,66.0247,61.2987,,
16-11-2023,66.0779,61.3494,,
15-11-2023,65.9372,61.22,,
13-11-2023,65.387,60.7116,,
10-11-2023,64.9027,60.2656,,
09-11-2023,64.4416,59.8387,,
08-11-2023,64.4866,59.8817,,
07-11-2023,64.2861,59.6967,,
06-11-2023,64.0403,59.4696,,
03-11-2023,63.5111,58.9819,,
02-11-2023,63.0959,58.5975,,
01-11-2023,62.7192,58.2488,,
31-10-2023,62.8072,58.3317,,
30-10-2023,62.7132,58.2455,,
27-10-2023,62.3608,57.9218,,
26-10-2023,61.5627,57.1817,,
25-10-2023,62.2623,57.8327,,
23-10-2023,62.8266,58.3592,,
20-10-2023,63.2921,58.7952,,
19-10-2023,63.6554,59.1338,,
18-10-2023,63.8014,59.2707,,
17-10-2023,64.2079,59.6496,,
16-10-2023,63.8978,59.3627,,
13-10-2023,63.5264,59.0213,,
12-10-2023,63.6946,59.1787,,
11-10-2023,63.5284,59.0255,,
10-10-2023,63.1718,58.6953,,
09-10-2023,62.5967,58.1622,,
06-10-2023,62.7456,58.3041,,
05-10-2023,62.2562,57.8505,,
04-10-2023,62.1734,57.7747,,
03-10-2023,62.4944,58.0742,,
29-09-2023,62.8402,58.4003,,
27-09-2023,62.7658,58.3336,,
26-09-2023,62.5158,58.1024,,
25-09-2023,62.7359,58.3081,,
22-09-2023,62.5902,58.1763,,
21-09-2023,62.7308,58.3081,,
20-09-2023,63.3339,58.8698,,
18-09-2023,63.8768,59.3769,,
15-09-2023,63.7866,59.2966,,
14-09-2023,63.8545,59.3609,,
13-09-2023,63.5877,59.1141,,
12-09-2023,63.2095,58.7637,,
11-09-2023,63.7631,59.2795,,
08-09-2023,63.0884,58.6558,,
07-09-2023,62.8153,58.4031,,
06-09-2023,62.3722,57.9923,,
05-09-2023,62.4303,58.0475,,
04-09-2023,62.1717,57.8082,,
01-09-2023,61.8175,57.4824,,
31-08-2023,61.3231,57.0238,,
30-08-2023,61.2453,56.9526,,
29-08-2023,61.1517,56.8668,,
28-08-2023,60.8243,56.5636,,
25-08-2023,60.5096,56.2746,,
24-08-2023,60.7503,56.4997,,
23-08-2023,61.07,56.7982,,
22-08-2023,60.7055,56.4604,,
21-08-2023,60.5781,56.3431,,
18-08-2023,60.0775,55.8811,,
17-08-2023,60.3775,56.1614,,
16-08-2023,60.853,56.6049,,
14-08-2023,61.0184,56.7611,,
11-08-2023,60.8213,56.5814,,
10-08-2023,60.9562,56.7082,,
09-08-2023,61.1579,56.8971,,
08-08-2023,61.1877,56.9261,,
07-08-2023,61.3507,57.0789,,
04-08-2023,61.0688,56.8203,,
03-08-2023,60.649,56.4309,,
02-08-2023,60.8634,56.6316,,
01-08-2023,61.5998,57.318,,
31-07-2023,61.6034,57.3226,,
28-07-2023,61.3175,57.0603,,
27-07-2023,60.9991,56.7652,,
26-07-2023,61.0311,56.7962,,
25-07-2023,60.746,56.5321,,
24-07-2023,60.5348,56.3368,,
21-07-2023,60.6482,56.4459,,
20-07-2023,61.0591,56.8296,,
19-07-2023,61.0734,56.8441,,
18-07-2023,60.8571,56.644,,
17-07-2023,60.8153,56.6063,,
14-07-2023,60.6356,56.4427,,
13-07-2023,60.336,56.165,,
12-07-2023,60.1577,56.0002,,
11-07-2023,59.8609,55.7252,,
10-07-2023,59.6766,55.5548,,
07-07-2023,60.0604,55.9157,,
06-07-2023,60.5029,56.3289,,
05-07-2023,60.3683,56.2048,,
04-07-2023,60.0167,55.8786,,
03-07-2023,59.9238,55.7933,,
30-06-2023,59.632,55.5252,,
28-06-2023,59.2879,55.2072,,
27-06-2023,58.8569,54.807,,
26-06-2023,58.9582,54.9025,,
23-06-2023,58.7926,54.7519,,
22-06-2023,58.7528,54.716,,
21-06-2023,59.0944,55.0353,,
20-06-2023,58.997,54.9457,,
19-06-2023,58.7729,54.7382,,
16-06-2023,59.0057,54.9585,,
15-06-2023,58.6131,54.5941,,
14-06-2023,58.5809,54.5652,,
13-06-2023,58.5135,54.5036,,
12-06-2023,58.0131,54.0387,,
09-06-2023,57.9511,53.9844,,
08-06-2023,58.0973,54.1218,,
07-06-2023,58.7393,54.721,,
06-06-2023,58.5154,54.5136,,
05-06-2023,58.4147,54.421,,
02-06-2023,58.2626,54.2828,,
01-06-2023,57.9777,54.0185,,
31-05-2023,58.3362,54.3537,,
30-05-2023,58.403,54.417,,
29-05-2023,58.3159,54.3371,,
26-05-2023,57.8775,53.9321,,
25-05-2023,57.3694,53.4597,,
24-05-2023,57.2893,53.3863,,
23-05-2023,57.2695,53.3689,,
22-05-2023,56.9716,53.0925,,
19-05-2023,56.7787,52.9162,,
18-05-2023,56.5473,52.7016,,
17-05-2023,56.6016,52.7534,,
16-05-2023,56.6606,52.8095,,
15-05-2023,56.7543,52.8979,,
12-05-2023,56.7739,52.9196,,
11-05-2023,56.6883,52.8409,,
10-05-2023,56.3903,52.5643,,
09-05-2023,56.2813,52.4639,,
08-05-2023,56.1744,52.3653,,
05-05-2023,55.816,52.0345,,
04-05-2023,56.0905,52.2916,,
03-05-2023,55.9965,52.2051,,
02-05-2023,56.0465,52.2529,,
28-04-2023,55.9938,52.2082,,
27-04-2023,55.2039,51.4728,,
26-04-2023,54.7723,51.0715,,
25-04-2023,54.8765,51.1697,,
24-04-2023,54.9557,51.2446,,
21-04-2023,54.651,50.9638,,
20-04-2023,54.5813,50.8999,,
19-04-2023,54.5254,50.8489,,
18-04-2023,54.6757,50.9901,,
17-04-2023,54.6034,50.9237,,
13-04-2023,54.2611,50.6089,,
12-04-2023,54.3566,50.6991,,
11-04-2023,54.3747,50.717,,
10-04-2023,54.1678,50.5251,,
06-04-2023,53.8142,50.1996,,
05-04-2023,53.796,50.1837,,
03-04-2023,53.4035,49.8197,,
31-03-2023,53.0485,49.4917,,
29-03-2023,52.3695,48.8604,,
28-03-2023,52.2485,48.7486,,
27-03-2023,52.4353,48.924,,
24-03-2023,52.5501,49.0343,,
23-03-2023,52.6859,49.1622,,
22-03-2023,52.9187,49.3806,,
21-03-2023,52.6837,49.1624,,
20-03-2023,52.6068,49.0917,,
17-3-2023,52.8102,49.2848,,
16-3-2023,52.437,48.9376,,
15-3-2023,52.1662,48.686,,
14-3-2023,51.9571,48.4919,,
13-3-2023,51.8989,48.4387,,
10-3-2023,52.5308,49.0317,,
9-3-2023,52.9241,49.3999,,
8-3-2023,53.181,49.6408,,
6-3-2023,53.1254,49.5911,,
3-3-2023,52.5275,49.0363,,
2-3-2023,52.1887,48.7211,,
1-3-2023,52.3198,48.8446,,
28-2-2023,51.9826,48.5308,,
27-2-2023,51.9471,48.4988,,
24-2-2023,52.1252,48.6683,,
23-02-2023,52.0787,48.626,,
22-02-2023,52.0666,48.6158,,
21-02-2023,52.5544,49.0724,,
20-02-2023,52.5665,49.0848,,
17-02-2023,52.7128,49.2247,,
16-02-2023,53.0012,49.4951,,
15-02-2023,52.8794,49.3824,,
14-2-2023,52.8227,49.3306,,
13-2-2023,52.4751,49.0071,,
10-2-2023,52.6782,49.2001,,
9-2-2023,52.9848,49.4875,,
8-2-2023,53.4666,49.9386,,
7-2-2023,53.0658,49.5654,,
6-2-2023,53.2821,49.7686,,
3-2-2023,53.6078,50.0764,,
2-2-2023,52.5869,49.1239,,
1-2-2023,52.3241,48.8797,,
31-1-2023,51.969,48.5491,,
30-1-2023,52.0371,48.6139,,
27-1-2023,51.856,48.4481,,
25-1-2023,51.9664,48.5536,,
24-1-2023,52.5474,49.0976,,
23-01-2023,52.4271,48.9865,,
20-01-2023,51.731,48.3395,,
19-01-2023,51.7515,48.3598,,
18-01-2023,51.75,48.3595,,
17-01-2023,51.6338,48.2521,,
16-01-2023,51.5313,48.1575,,
13-1-2023,51.6212,48.2449,,
12-1-2023,51.3246,47.9688,,
11-1-2023,50.9837,47.6514,,
10-1-2023,50.9772,47.6465,,
9-1-2023,51.0789,47.7426,,
6-1-2023,50.5032,47.2078,,
5-1-2023,50.919,47.5977,,
4-1-2023,51.031,47.7035,,
3-1-2023,51.2259,47.8869,,
2-1-2023,51.0882,47.7592,,
30-12-2022,51.0328,47.7107,,
29-12-2022,51.0117,47.6921,,
28-12-2022,51.006,47.6879,,
27-12-2022,51.1004,47.7773,,
26-12-2022,50.9555,47.6429,,
23-12-2022,50.3658,47.095,,
22-12-2022,51.4078,48.0705,,
21-12-2022,51.5514,48.206,,
20-12-2022,51.8258,48.4638,,
19-12-2022,52.0402,48.6654,,
16-12-2022,51.7298,48.3786,,
15-12-2022,52.3737,48.982,,
14-12-2022,52.7428,49.3284,,
13-12-2022,52.4048,49.0134,,
12-12-2022,52.0796,48.7105,,
09-12-2022,52.0462,48.6828,,
08-12-2022,52.2439,48.8689,,
07-12-2022,52.236,48.8626,,
06-12-2022,52.6323,49.2346,,
05-12-2022,52.8884,49.4753,,
02-12-2022,52.8816,49.4725,,
01-12-2022,53.0001,49.5846,,
30-11-2022,52.5166,49.1334,,
29-11-2022,52.2731,48.9068,,
28-11-2022,52.5076,49.1274,,
25-11-2022,52.5193,49.1419,,
24-11-2022,52.4977,49.1229,,
23-11-2022,52.054,48.7089,,
22-11-2022,51.9944,48.6542,,
21-11-2022,52.0208,48.6802,,
18-11-2022,52.1584,48.8124,,
17-11-2022,52.3356,48.9794,,
16-11-2022,52.5302,49.1628,,
15-11-2022,52.3847,49.0278,,
14-11-2022,52.3423,48.9893,,
11-11-2022,52.2551,48.9112,,
10-11-2022,51.2877,48.0069,,
09-11-2022,51.7279,48.4201,,
07-11-2022,51.4519,48.164,,
04-11-2022,50.9681,47.7146,,
03-11-2022,51.3125,48.0381,,
02-11-2022,51.7054,48.4071,,
01-11-2022,51.9849,48.67,,
31-10-2022,51.9464,48.6352,,
28-10-2022,51.5216,48.2409,,
27-10-2022,52.1107,48.7937,,
25-10-2022,52.2518,48.9281,,
21-10-2022,51.5748,48.2989,,
20-10-2022,51.4843,48.2153,,
19-10-2022,51.5791,48.3052,,
18-10-2022,51.3218,48.0654,,
17-10-2022,50.6426,47.4305,,
14-10-2022,50.7986,47.58,,
13-10-2022,50.4082,47.2154,,
12-10-2022,50.4695,47.2741,,
11-10-2022,50.2449,47.0647,,
10-10-2022,50.6906,47.4834,,
07-10-2022,51.2764,48.0356,,
06-10-2022,51.2132,47.9776,,
04-10-2022,50.5757,47.3826,,
03-10-2022,49.6832,46.5477,,
30-09-2022,49.892,46.7469,,
29-09-2022,49.7331,46.5992,,
28-09-2022,49.5671,46.4449,,
27-09-2022,49.9832,46.8359,,
26-09-2022,50.1478,46.9913,,
23-09-2022,50.996,47.7898,,
22-09-2022,51.6029,48.3598,,
21-09-2022,51.9906,48.7243,,
20-09-2022,52.308,49.023,,
19-09-2022,51.7473,48.4988,,
16-09-2022,51.7146,48.4719,,
15-09-2022,52.7059,49.4022,,
14-09-2022,52.7911,49.4834,,
13-09-2022,53.1433,49.8148,,
12-09-2022,52.8258,49.5186,,
09-09-2022,52.4691,49.1886,,
08-09-2022,52.2687,49.0022,,
07-09-2022,51.377,48.1677,,
06-09-2022,51.4646,48.2512,,
05-09-2022,51.3348,48.1309,,
02-09-2022,51.1622,47.9733,,
01-09-2022,51.1309,47.9454,,
30-08-2022,51.3263,48.1315,,
29-08-2022,50.7145,47.5592,,
26-08-2022,51.5554,48.3521,,
25-08-2022,51.2292,48.0477,,
24-08-2022,51.3688,48.1801,,
23-08-2022,51.3001,48.117,,
22-08-2022,51.438,48.2478,,
19-08-2022,52.2012,48.9681,,
18-08-2022,52.6126,49.3556,,
17-08-2022,52.7112,49.4495,,
16-08-2022,52.368,49.1291,,
12-08-2022,51.8644,48.6624,,
11-08-2022,51.8196,48.6219,,
10-08-2022,51.2162,48.0571,,
08-08-2022,51.2029,48.0475,,
05-08-2022,50.9908,47.8529,,
04-08-2022,50.8873,47.7571,,
03-08-2022,50.5703,47.4611,,
02-08-2022,50.6442,47.5319,,
01-08-2022,50.6558,47.5442,,
29-07-2022,49.9775,46.9119,,
28-07-2022,49.6669,46.6218,,
27-07-2022,48.6198,45.6404,,
26-07-2022,48.735,45.7499,,
25-07-2022,49.0597,46.0561,,
22-07-2022,49.4641,46.44,,
21-07-2022,49.2078,46.2008,,
20-07-2022,48.8662,45.8815,,
19-07-2022,48.2224,45.2785,,
18-07-2022,48.2078,45.2661,,
15-07-2022,47.6411,44.7382,,
14-07-2022,47.6812,44.7771,,
13-07-2022,47.9708,45.0505,,
12-07-2022,48.4055,45.4601,,
11-07-2022,48.8655,45.8935,,
08-07-2022,48.7315,45.772,,
07-07-2022,48.2713,45.3411,,
06-07-2022,47.8395,44.9369,,
05-07-2022,47.1476,44.2883,,
04-07-2022,47.1749,44.3153,,
01-07-2022,46.8073,43.9741,,
30-06-2022,46.8274,43.9943,,
29-06-2022,46.715,43.8901,,
28-06-2022,47.3139,44.4541,,
27-06-2022,47.5907,44.7156,,
24-06-2022,46.7348,43.9154,,
23-06-2022,46.131,43.3493,,
22-06-2022,45.919,43.1514,,
21-06-2022,46.1855,43.4032,,
20-06-2022,45.4885,42.7495,,
17-06-2022,45.433,42.7013,,
16-06-2022,46.0539,43.2862,,
15-06-2022,46.5659,43.7688,,
14-06-2022,46.4984,43.7067,,
13-06-2022,47.0186,44.197,,
10-06-2022,48.2221,45.3324,,
09-06-2022,48.8738,45.9465,,
08-06-2022,48.7184,45.8018,,
07-06-2022,48.8466,45.9238,,
06-06-2022,48.8664,45.9438,,
03-06-2022,49.3231,46.3775,,
02-06-2022,49.2763,46.3349,,
01-06-2022,49.4131,46.465,,
31-05-2022,49.5594,46.604,,
30-05-2022,49.2537,46.318,,
27-05-2022,48.4457,45.5623,,
26-05-2022,47.7411,44.901,,
25-05-2022,47.4122,44.593,,
24-05-2022,48.015,45.1614,,
23-05-2022,47.9598,45.1109,,
20-05-2022,48.1445,45.2887,,
19-05-2022,47.5502,44.7311,,
18-05-2022,48.4873,45.614,,
17-05-2022,48.3132,45.4517,,
16-05-2022,47.6371,44.817,,
13-05-2022,47.1498,44.3626,,
12-05-2022,47.0201,44.2419,,
11-05-2022,48.1258,45.2837,,
10-05-2022,48.1193,45.279,,
09-05-2022,48.7994,45.9204,,
06-05-2022,49.0081,46.121,,
05-05-2022,49.9435,47.0029,,
04-05-2022,49.6482,46.7264,,
02-05-2022,49.9622,47.0249,,
29-04-2022,50.7205,47.7432,,
28-04-2022,50.6732,47.7001,,
27-04-2022,50.3224,47.3714,,
26-04-2022,51.0977,48.1028,,
25-04-2022,50.2483,47.3046,,
22-04-2022,51.0161,48.0319,,
21-04-2022,51.7525,48.7268,,
20-04-2022,51.6804,48.6605,,
19-04-2022,51.2306,48.2385,,
18-04-2022,51.667,48.6509,,
13-04-2022,52.2541,49.2115,,
12-04-2022,52.5707,49.5112,,
11-04-2022,53.4823,50.3714,,
08-04-2022,54.0076,50.8709,,
07-04-2022,53.7773,50.6556,,
06-04-2022,54.4538,51.2944,,
05-04-2022,54.7857,51.6087,,
04-04-2022,53.9793,50.8504,,
01-04-2022,52.8609,49.8009,,
31-03-2022,52.5141,49.4756,,
30-03-2022,52.5583,49.5185,,
29-03-2022,52.2612,49.24,,
28-03-2022,52.2572,49.2375,,
25-03-2022,52.0338,49.0309,,
24-03-2022,52.0626,49.0593,,
23-03-2022,52.0889,49.0855,,
22-03-2022,51.6393,48.663,,
21-3-2022,51.4958,48.5291,,
17-3-2022,51.3406,48.3882,,
16-3-2022,50.5005,47.5977,,
15-3-2022,49.46,46.6184,,
14-3-2022,50.0546,47.1801,,
11-3-2022,49.9919,47.1248,,
10-3-2022,49.6502,46.804,,
9-3-2022,48.6393,45.8523,,
8-3-2022,48.2589,45.4949,,
7-3-2022,48.5862,45.8047,,
4-3-2022,49.4208,46.5953,,
3-3-2022,50.1049,47.2416,,
2-3-2022,49.8861,47.0366,,
28-2-2022,50.3107,47.4395,,
25-2-2022,50.0091,47.1589,,
24-2-2022,48.3898,45.6331,,
23-02-2022,50.3166,47.4514,,
22-02-2022,50.4575,47.5856,,
21-02-2022,50.8782,47.9837,,
18-02-2022,51.3431,48.4262,,
17-02-2022,51.8893,48.9428,,
16-02-2022,52.0243,49.0715,,
15-02-2022,51.8092,48.87,,
14-2-2022,50.9963,48.1044,,
11-2-2022,52.4694,49.4976,,
10-2-2022,53.1541,50.1447,,
9-2-2022,52.6151,49.6374,,
8-2-2022,52.2274,49.2728,,
7-2-2022,52.4854,49.5174,,
4-2-2022,52.5837,49.6135,,
3-2-2022,54.3661,51.2965,,
2-2-2022,53.9684,50.9223,,
1-2-2022,53.3101,50.3021,,
31-1-2022,52.4968,49.536,,
28-1-2022,51.6481,48.7391,,
27-1-2022,51.6695,48.7607,,
25-1-2022,52.3539,49.4092,,
24-01-2022,51.772,48.8614,,
21-01-2022,53.2473,50.2579,,
20-01-2022,53.9155,50.89,,
19-01-2022,53.966,50.939,,
18-01-2022,54.4037,51.3536,,
17-1-2022,54.7944,51.7238,,
14-1-2022,54.6273,51.5702,,
13-1-2022,55.0629,51.9828,,
12-1-2022,54.7346,51.6743,,
11-1-2022,54.3167,51.2811,,
10-1-2022,54.2704,51.2386,,
7-1-2022,54.0384,51.0231,,
6-1-2022,54.0152,51.0024,,
5-1-2022,54.8129,51.7568,,
4-1-2022,54.8749,51.8165,,
3-1-2022,54.5884,51.5474,,
31-12-2021,54.4581,51.4286,,
30-12-2021,53.9981,50.9956,,
29-12-2021,53.9326,50.9351,,
28-12-2021,54.092,51.087,,
27-12-2021,53.6276,50.6498,,
24-12-2021,53.4319,50.4691,,
23-12-2021,53.5286,50.5618,,
22-12-2021,53.1946,50.2477,,
21-12-2021,52.414,49.5117,,
20-12-2021,52.3958,49.4958,,
17-12-2021,53.5048,50.5477,,
16-12-2021,54.3922,51.3875,,
15-12-2021,54.4507,51.4442,,
14-12-2021,55.0658,52.0268,,
13-12-2021,55.115,52.0747,,
10-12-2021,55.108,52.0722,,
09-12-2021,54.7846,51.768,,
08-12-2021,54.418,51.423,,
07-12-2021,53.3228,50.3894,,
06-12-2021,52.5329,49.6442,,
03-12-2021,53.426,50.4917,,
02-12-2021,53.462,50.5268,,
01-12-2021,53.0511,50.1397,,
30-11-2021,53.1762,50.2591,,
29-11-2021,52.5746,49.6918,,
26-11-2021,53.3463,50.4254,,
25-11-2021,54.0364,51.079,,
24-11-2021,53.9649,51.0128,,
23-11-2021,54.224,51.2592,,
22-11-2021,54.1178,51.1601,,
18-11-2021,54.5367,51.562,,
17-11-2021,55.0688,52.0665,,
16-11-2021,55.1374,52.1327,,
15-11-2021,55.2368,52.2281,,
12-11-2021,54.5542,51.5869,,
11-11-2021,54.3384,51.3843,,
10-11-2021,55.0145,52.0251,,
09-11-2021,54.8221,51.8445,,
08-11-2021,54.8171,51.841,,
03-11-2021,53.548,50.6468,,
02-11-2021,53.7451,50.8344,,
01-11-2021,53.7905,50.8787,,
29-10-2021,53.1438,50.2712,,
28-10-2021,53.0647,50.1978,,
27-10-2021,53.6498,50.7527,,
26-10-2021,53.5766,50.6848,,
25-10-2021,53.2408,50.3686,,
22-10-2021,54.0658,51.1533,,
21-10-2021,54.3197,51.395,,
20-10-2021,54.8756,51.9225,,
19-10-2021,55.3163,52.3409,,
18-10-2021,55.1387,52.1742,,
14-10-2021,54.7199,51.7834,,
13-10-2021,54.1497,51.2452,,
12-10-2021,53.9816,51.0875,,
11-10-2021,53.9114,51.0222,,
08-10-2021,53.271,50.4196,,
07-10-2021,52.6194,49.8041,,
06-10-2021,52.0733,49.2884,,
05-10-2021,52.166,49.3772,,
04-10-2021,52.6366,49.8241,,
01-10-2021,51.9893,49.2154,,
30-09-2021,52.3564,49.5642,,
29-09-2021,52.3671,49.5756,,
28-09-2021,52.7502,49.9397,,
27-09-2021,53.1759,50.3442,,
24-09-2021,53.0437,50.2232,,
23-09-2021,53.1066,50.2841,,
22-09-2021,52.6773,49.879,,
21-09-2021,52.3178,49.54,,
20-09-2021,52.1725,49.4037,,
17-09-2021,52.6471,49.8571,,
16-09-2021,52.8298,50.0315,,
15-09-2021,52.2115,49.4472,,
14-09-2021,51.8374,49.0943,,
13-09-2021,51.6794,48.946,,
09-09-2021,51.6646,48.9374,,
08-09-2021,51.5152,48.7973,,
07-09-2021,51.1614,48.4634,,
06-09-2021,51.1825,48.4847,,
03-09-2021,50.8748,48.1969,,
02-09-2021,50.8516,48.1762,,
01-09-2021,50.6429,47.9798,,
31-08-2021,50.4461,47.7946,,
30-08-2021,49.8897,47.2686,,
27-08-2021,49.103,46.5269,,
26-08-2021,48.9972,46.4279,,
25-08-2021,48.8973,46.3345,,
24-08-2021,48.8341,46.2758,,
23-08-2021,48.4876,45.9486,,
20-08-2021,48.2933,45.768,,
18-08-2021,48.6445,46.1033,,
17-08-2021,48.918,46.3637,,
16-08-2021,48.652,46.1128,,
13-08-2021,48.8012,46.2578,,
12-08-2021,48.4442,45.9206,,
11-08-2021,48.1979,45.6883,,
10-08-2021,48.5483,46.0216,,
09-08-2021,48.7229,46.1883,,
06-08-2021,48.8053,46.2697,,
05-08-2021,48.6771,46.1492,,
04-08-2021,48.394,45.8818,,
03-08-2021,48.4749,45.9597,,
02-08-2021,48.4054,45.895,,
30-07-2021,48.4446,45.9358,,
29-07-2021,48.5106,45.9996,,
28-07-2021,48.1594,45.6679,,
27-07-2021,48.6002,46.0871,,
26-07-2021,48.9397,46.4103,,
23-07-2021,48.2058,45.7182,,
22-07-2021,47.7839,45.3193,,
20-07-2021,47.3828,44.9415,,
19-07-2021,48.0813,45.6053,,
16-07-2021,47.9662,45.5001,,
15-07-2021,47.8948,45.4336,,
14-07-2021,47.4627,45.025,,
13-07-2021,47.0017,44.589,,
12-07-2021,46.2927,43.9176,,
09-07-2021,46.1102,43.7483,,
08-07-2021,46.1702,43.8064,,
07-07-2021,46.1991,43.8352,,
06-07-2021,46.1244,43.7655,,
05-07-2021,46.0213,43.6691,,
02-07-2021,45.6437,43.3148,,
01-07-2021,45.4065,43.091,,
30-06-2021,45.3363,43.0258,,
29-06-2021,45.2174,42.9143,,
28-06-2021,45.087,42.7919,,
25-06-2021,45.0229,42.7351,,
24-06-2021,44.702,42.4319,,
23-06-2021,44.5368,42.2764,,
22-06-2021,44.404,42.1516,,
21-06-2021,44.3401,42.0923,,
18-06-2021,44.4144,42.1668,,
17-06-2021,44.3599,42.1164,,
16-06-2021,44.6364,42.3802,,
15-06-2021,44.7675,42.5061,,
14-06-2021,44.3765,42.1361,,
11-06-2021,44.4556,42.2152,,
10-06-2021,44.2492,42.0206,,
09-06-2021,43.9844,41.7704,,
08-06-2021,44.2381,42.0126,,
07-06-2021,43.9994,41.7873,,
04-06-2021,43.5795,41.3924,,
03-06-2021,43.6549,41.4653,,
02-06-2021,43.594,41.4088,,
01-06-2021,43.7064,41.5169,,
31-05-2021,43.9154,41.7167,,
28-05-2021,43.6593,41.4773,,
27-05-2021,43.7327,41.5484,,
26-05-2021,43.5286,41.3558,,
25-05-2021,43.4738,41.305,,
24-05-2021,43.1815,41.0286,,
21-05-2021,43.1322,40.9856,,
20-05-2021,42.6725,40.55,,
19-05-2021,42.9504,40.8153,,
18-05-2021,42.8912,40.7604,,
17-05-2021,42.7157,40.5949,,
14-05-2021,41.8918,39.8156,,
12-05-2021,42.167,40.0797,,
11-05-2021,42.4239,40.3251,,
10-05-2021,42.7426,40.6294,,
07-05-2021,42.4737,40.3776,,
06-05-2021,42.175,40.0949,,
05-05-2021,41.9752,39.9062,,
04-05-2021,41.855,39.7932,,
03-05-2021,42.0204,39.9517,,
30-04-2021,41.982,39.919,,
29-04-2021,42.0064,39.9434,,
28-04-2021,41.8809,39.8254,,
27-04-2021,41.6799,39.6354,,
26-04-2021,41.3497,39.3227,,
23-04-2021,40.8799,38.8796,,
22-04-2021,40.9852,38.9809,,
20-04-2021,40.9075,38.9096,,
19-04-2021,41.1096,39.103,,
16-04-2021,41.3179,39.3048,,
15-04-2021,40.8463,38.8574,,
13-04-2021,40.883,38.8948,,
12-04-2021,40.8867,38.8995,,
09-04-2021,41.7041,39.6809,,
08-04-2021,41.4326,39.4238,,
07-04-2021,41.2016,39.2053,,
06-04-2021,40.8601,38.8815,,
05-04-2021,40.2649,38.3161,,
01-04-2021,40.3943,38.4435,,
31-03-2021,39.929,38.0016,,
30-03-2021,40.0552,38.1228,,
26-03-2021,39.4359,37.5372,,
25-03-2021,39.3294,37.4367,,
24-03-2021,40.1037,38.1748,,
23-03-2021,40.4179,38.4749,,
22-03-2021,40.2398,38.3063,,
19-03-2021,40.2221,38.2924,,
18-3-2021,40.0461,38.1258,,
17-3-2021,40.0038,38.0866,,
16-3-2021,40.1228,38.2009,,
15-3-2021,39.7287,37.8265,,
12-3-2021,39.9518,38.0418,,
10-3-2021,39.7004,37.8042,,
9-3-2021,39.1423,37.2736,,
8-3-2021,39.5209,37.635,,
5-3-2021,39.1666,37.3001,,
4-3-2021,39.4738,37.5934,,
3-3-2021,39.7114,37.8206,,
2-3-2021,39.8112,37.9164,,
1-3-2021,39.2095,37.3443,,
26-2-2021,38.7602,36.9192,,
25-2-2021,39.7275,37.8415,,
24-02-2021,39.6774,37.7947,,
23-02-2021,39.378,37.5104,,
22-02-2021,39.3981,37.5305,,
19-02-2021,39.8057,37.9218,,
18-02-2021,40.1521,38.2528,,
17-02-2021,40.0758,38.1811,,
16-02-2021,40.0928,38.1984,,
15-2-2021,40.2947,38.3918,,
12-2-2021,40.1535,38.2601,,
11-2-2021,40.1078,38.2175,,
10-2-2021,39.8555,37.9781,,
9-2-2021,39.8827,38.005,,
8-2-2021,40.0636,38.1782,,
5-2-2021,39.6704,37.8061,,
4-2-2021,39.6667,37.8035,,
3-2-2021,38.939,37.1108,,
2-2-2021,38.5137,36.7063,,
1-2-2021,37.7566,35.9856,,
29-1-2021,37.4573,35.7032,,
28-1-2021,37.6088,35.8485,,
27-01-2021,37.9117,36.1381,,
25-01-2021,37.9435,36.1703,,
22-01-2021,37.9322,36.1624,,
21-01-2021,38.1426,36.364,,
20-01-2021,37.9724,36.2027,,
19-01-2021,37.5345,35.7861,,
18-1-2021,37.3077,35.5707,,
15-1-2021,37.5585,35.8125,,
14-1-2021,37.9094,36.148,,
13-1-2021,37.6666,35.9173,,
12-1-2021,37.6249,35.8784,,
11-1-2021,37.7488,35.9973,,
8-1-2021,37.4527,35.7173,,
7-1-2021,37.0564,35.3401,,
6-1-2021,37.2022,35.4801,,
5-1-2021,37.2856,35.5604,,
4-1-2021,37.3289,35.6027,,
1-1-2021,37.1077,35.3944,,
31-12-2020,37.053,35.3432,,
30-12-2020,37.252,35.5338,,
29-12-2020,37.0368,35.3294,,
28-12-2020,36.691,35.0006,,
24-12-2020,36.5297,34.8503,,
23-12-2020,36.3964,34.724,,
22-12-2020,35.9383,34.2879,,
21-12-2020,35.6173,33.9826,,
18-12-2020,36.3756,34.7088,,
17-12-2020,36.4074,34.7401,,
16-12-2020,36.2895,34.6285,,
15-12-2020,36.166,34.5115,,
14-12-2020,36.1173,34.466,,
11-12-2020,36.1476,34.4976,,
10-12-2020,36.0559,34.411,,
09-12-2020,36.1627,34.5138,,
08-12-2020,35.9132,34.2766,,
07-12-2020,36.0123,34.3721,,
04-12-2020,35.9516,34.3172,,
03-12-2020,35.8443,34.2158,,
02-12-2020,35.7294,34.1071,,
01-12-2020,35.5085,33.8972,,
27-11-2020,35.4388,33.8345,,
26-11-2020,35.2447,33.6501,,
25-11-2020,35.0459,33.4613,,
24-11-2020,35.2643,33.6709,,
23-11-2020,35.0249,33.4434,,
20-11-2020,34.843,33.2723,,
19-11-2020,34.5648,33.0077,,
18-11-2020,34.7961,33.2295,,
17-11-2020,34.9544,33.3816,,
13-11-2020,34.642,33.087,,
12-11-2020,34.6493,33.0949,,
11-11-2020,34.2409,32.7058,,
10-11-2020,34.0118,32.4878,,
09-11-2020,34.2562,32.7224,,
06-11-2020,34.0565,32.5345,,
05-11-2020,33.6972,32.1921,,
04-11-2020,32.8761,31.4085,,
03-11-2020,32.6761,31.2184,,
02-11-2020,32.4394,30.9931,,
30-10-2020,32.5999,31.1492,,
29-10-2020,32.2751,30.8397,,
28-10-2020,32.9317,31.468,,
27-10-2020,33.0021,31.5362,,
26-10-2020,33.127,31.6565,,
23-10-2020,33.303,31.8274,,
22-10-2020,33.1976,31.7276,,
21-10-2020,33.124,31.6582,,
20-10-2020,33.0647,31.6024,,
19-10-2020,33.3435,31.8698,,
16-10-2020,33.4193,31.945,,
15-10-2020,33.3889,31.9168,,
14-10-2020,33.978,32.4809,,
13-10-2020,33.8751,32.3834,,
12-10-2020,33.5343,32.0586,,
09-10-2020,33.2753,31.8137,,
08-10-2020,33.1745,31.7183,,
07-10-2020,32.8483,31.4074,,
06-10-2020,33.1664,31.7125,,
05-10-2020,32.9808,31.5358,,
01-10-2020,32.9793,31.5381,,
30-09-2020,32.9311,31.4929,,
29-09-2020,32.8038,31.372,,
28-09-2020,32.6151,31.1925,,
25-09-2020,31.7158,30.335,,
24-09-2020,31.2578,29.8977,,
23-09-2020,32.1309,30.7337,,
22-09-2020,31.7072,30.3293,,
21-09-2020,31.8982,30.5129,,
18-09-2020,32.7371,31.318,,
17-09-2020,32.6192,31.2062,,
16-09-2020,32.7755,31.3565,,
15-09-2020,32.5242,31.1171,,
14-09-2020,32.2025,30.8102,,
11-09-2020,31.6067,30.2427,,
10-09-2020,31.7539,30.3844,,
09-09-2020,31.4141,30.0601,,
08-09-2020,31.7821,30.4131,,
07-09-2020,31.9278,30.5534,,
04-09-2020,32.1776,30.7949,,
03-09-2020,32.9883,31.5716,,
02-09-2020,32.7439,31.3385,,
01-09-2020,32.3892,30.9999,,
31-08-2020,32.3832,30.9949,,
28-08-2020,33.0175,31.6045,,
27-08-2020,33.1546,31.7367,,
26-08-2020,32.8334,31.43,,
25-08-2020,32.3806,30.9974,,
24-08-2020,32.4725,31.0862,,
21-08-2020,32.2625,30.8875,,
20-08-2020,31.8793,30.5214,,
19-08-2020,32.0265,30.6632,,
18-08-2020,31.7639,30.4125,,
17-08-2020,31.5596,30.2178,,
14-08-2020,31.4828,30.1467,,
13-08-2020,31.7106,30.3656,,
12-08-2020,31.4101,30.0787,,
11-08-2020,31.5636,30.2264,,
10-08-2020,31.5401,30.2047,,
07-08-2020,31.3896,30.0628,,
06-08-2020,31.174,29.8571,,
05-08-2020,30.9361,29.63,,
04-08-2020,30.8721,29.5694,,
03-08-2020,30.6111,29.3202,,
31-07-2020,30.5171,29.2323,,
30-07-2020,30.2744,29.0005,,
29-07-2020,30.2734,29.0005,,
28-07-2020,30.4984,29.2168,,
27-07-2020,30.1098,28.8452,,
24-07-2020,30.1172,28.8545,,
23-07-2020,30.1815,28.9167,,
22-07-2020,30.0744,28.8148,,
21-07-2020,30.263,28.9962,,
20-07-2020,29.9723,28.7184,,
17-07-2020,29.7406,28.4985,,
16-07-2020,29.5901,28.3549,,
15-07-2020,29.4581,28.2292,,
14-07-2020,29.2022,27.9846,,
13-07-2020,29.5311,28.3005,,
10-07-2020,29.5454,28.3163,,
09-07-2020,29.5734,28.3438,,
08-07-2020,29.4238,28.2011,,
07-07-2020,29.4929,28.268,,
06-07-2020,28.96,27.7581,,
03-07-2020,28.709,27.5195,,
02-07-2020,28.6104,27.4257,,
01-07-2020,28.1744,27.0085,,
30-06-2020,27.7801,26.6311,,
29-06-2020,27.8588,26.7072,,
26-06-2020,28.2253,27.0604,,
25-06-2020,28.0956,26.9367,,
24-06-2020,28.232,27.0681,,
23-06-2020,28.2802,27.1149,,
22-06-2020,27.8706,26.7228,,
19-06-2020,27.5194,26.3879,,
18-06-2020,27.4042,26.2781,,
17-06-2020,27.1651,26.0495,,
16-06-2020,26.9875,25.8798,,
15-06-2020,26.8813,25.7786,,
12-06-2020,26.9921,25.8867,,
11-06-2020,27.3409,26.2218,,
10-06-2020,27.5608,26.4333,,
09-06-2020,27.3905,26.2705,,
08-06-2020,27.4218,26.3012,,
05-06-2020,27.1327,26.0257,,
04-06-2020,26.9678,25.8682,,
03-06-2020,26.9279,25.8308,,
02-06-2020,26.8559,25.7623,,
01-06-2020,26.4484,25.3722,,
29-05-2020,26.172,25.1094,,
28-05-2020,26.0039,24.9489,,
27-05-2020,25.7978,24.7519,,
26-05-2020,25.3222,24.2964,,
22-05-2020,25.1826,24.1655,,
21-05-2020,25.3109,24.2894,,
20-05-2020,24.8126,23.8119,,
19-05-2020,24.6382,23.6454,,
18-05-2020,24.4226,23.4392,,
15-05-2020,24.8703,23.8712,,
14-05-2020,24.8637,23.8656,,
13-05-2020,25.0982,24.0915,,
12-05-2020,24.9768,23.9757,,
11-05-2020,24.6818,23.6931,,
08-05-2020,24.4068,23.4308,,
07-05-2020,24.4183,23.4423,,
06-05-2020,24.3892,23.4149,,
05-05-2020,24.0604,23.0998,,
04-05-2020,24.1339,23.1709,,
30-04-2020,24.9536,23.9604,,
29-04-2020,24.3901,23.42,,
28-04-2020,24.3608,23.3925,,
27-04-2020,24.2014,23.2401,,
24-04-2020,23.9295,22.9809,,
23-04-2020,23.9724,23.0226,,
22-04-2020,23.6475,22.7112,,
21-04-2020,23.8037,22.8618,,
20-04-2020,24.3951,23.4304,,
17-04-2020,24.4395,23.4747,,
16-04-2020,23.8418,22.9014,,
15-04-2020,23.7747,22.8376,,
13-04-2020,23.5496,22.6226,,
09-04-2020,23.6191,22.6915,,
08-04-2020,22.8569,21.9599,,
07-04-2020,22.5687,21.6836,,
03-04-2020,21.2603,20.4284,,
01-04-2020,21.5211,20.68,,
31-03-2020,21.8587,21.005,,
30-03-2020,21.277,20.4466,,
27-03-2020,21.8545,21.003,,
26-03-2020,21.4423,20.6073,,
25-03-2020,21.146,20.3229,,
24-03-2020,20.1555,19.3715,,
23-03-2020,20.2032,19.4178,,
20-03-2020,22.0954,21.2379,,
19-03-2020,21.7693,20.9248,,
18-03-2020,22.3825,21.5146,,
17-3-2020,22.798,21.9146,,
16-3-2020,23.681,22.764,,
13-3-2020,24.1784,23.2436,,
12-3-2020,24.5251,23.5774,,
11-3-2020,26.0018,24.9975,,
9-3-2020,25.9759,24.9736,,
6-3-2020,26.822,25.789,,
5-3-2020,27.4586,26.4016,,
4-3-2020,27.2193,26.172,,
3-3-2020,27.575,26.5146,,
2-3-2020,27.0962,26.0547,,
28-2-2020,27.1963,26.1526,,
27-2-2020,27.9938,26.9201,,
26-2-2020,27.9758,26.9032,,
25-2-2020,28.378,27.2906,,
24-02-2020,28.813,27.7096,,
20-02-2020,29.2508,28.1329,,
19-02-2020,29.2707,28.1526,,
18-02-2020,29.0614,27.9519,,
17-02-2020,29.1746,28.0614,,
14-02-2020,29.1333,28.0234,,
13-2-2020,29.2967,28.1812,,
12-2-2020,29.2645,28.1508,,
11-2-2020,29.222,28.1105,,
10-2-2020,29.0109,27.908,,
7-2-2020,29.0818,27.978,,
6-2-2020,28.9754,27.8761,,
5-2-2020,28.904,27.808,,
4-2-2020,28.7975,27.7062,,
3-2-2020,28.2736,27.2027,,
31-1-2020,28.436,27.3607,,
30-1-2020,28.4736,27.3974,,
29-1-2020,28.4958,27.4194,,
28-1-2020,28.2831,27.2154,,
27-1-2020,28.3813,27.3105,,
24-01-2020,28.5822,27.5057,,
23-01-2020,28.6018,27.5253,,
22-01-2020,28.4956,27.4237,,
21-01-2020,28.4558,27.3861,,
20-01-2020,28.4998,27.429,,
17-01-2020,28.5285,27.4585,,
16-1-2020,28.4077,27.3429,,
15-1-2020,28.3599,27.2976,,
14-1-2020,28.2853,27.2263,,
13-1-2020,28.0895,27.0386,,
10-1-2020,28.0776,27.029,,
9-1-2020,28.0164,26.9707,,
8-1-2020,27.8038,26.7667,,
7-1-2020,27.764,26.7289,,
6-1-2020,27.6539,26.6236,,
3-1-2020,27.9797,26.9391,,
2-1-2020,27.9504,26.9115,,
1-1-2020,27.8018,26.7691,,
31-12-2019,27.7455,26.7155,,
30-12-2019,27.8969,26.8618,,
27-12-2019,27.8783,26.8458,,
26-12-2019,27.6213,26.5989,,
24-12-2019,27.7282,26.7032,,
23-12-2019,27.6495,26.6279,,
20-12-2019,27.5945,26.5768,,
19-12-2019,27.4748,26.4621,,
18-12-2019,27.4085,26.3989,,
17-12-2019,27.3519,26.345,,
16-12-2019,27.1952,26.1947,,
13-12-2019,27.2862,26.2841,,
12-12-2019,27.2358,26.2362,,
11-12-2019,27.1332,26.138,,
10-12-2019,27.1301,26.1356,,
09-12-2019,27.2653,26.2664,,
06-12-2019,27.155,26.162,,
05-12-2019,27.2961,26.2985,,
04-12-2019,27.3319,26.3337,,
03-12-2019,27.2169,26.2235,,
02-12-2019,27.4199,26.4197,,
29-11-2019,27.5924,26.588,,
28-11-2019,27.6738,26.6671,,
27-11-2019,27.5309,26.5301,,
26-11-2019,27.4802,26.4819,,
25-11-2019,27.4561,26.4594,,
22-11-2019,27.3172,26.3276,,
21-11-2019,27.501,26.5054,,
20-11-2019,27.5405,26.5442,,
19-11-2019,27.4934,26.4996,,
18-11-2019,27.4351,26.444,,
15-11-2019,27.3939,26.4064,,
14-11-2019,27.3661,26.3803,,
13-11-2019,27.2241,26.2441,,
11-11-2019,27.394,26.4092,,
08-11-2019,27.444,26.4593,,
07-11-2019,27.5114,26.5248,,
06-11-2019,27.5429,26.5559,,
05-11-2019,27.4531,26.4699,,
04-11-2019,27.4128,26.4317,,
01-11-2019,27.3842,26.4062,,
31-10-2019,27.2633,26.2903,,
30-10-2019,27.2242,26.2532,,
29-10-2019,27.2798,26.3074,,
25-10-2019,26.9314,25.9738,,
24-10-2019,26.9283,25.9714,,
23-10-2019,26.8555,25.9018,,
18-10-2019,26.9315,25.9782,,
17-10-2019,26.6704,25.7269,,
16-10-2019,26.4987,25.5619,,
15-10-2019,26.2751,25.3468,,
14-10-2019,26.1267,25.2042,,
11-10-2019,25.8414,24.9305,,
10-10-2019,25.834,24.9239,,
09-10-2019,25.925,25.0122,,
07-10-2019,25.8835,24.9731,,
04-10-2019,25.7689,24.8641,,
03-10-2019,25.8942,24.9855,,
01-10-2019,26.2316,25.3121,,
30-09-2019,26.3261,25.4039,,
27-09-2019,26.5103,25.5831,,
26-09-2019,26.5801,25.651,,
25-09-2019,26.4824,25.5572,,
24-09-2019,26.8561,25.9185,,
23-09-2019,26.8904,25.9521,,
20-09-2019,26.3088,25.3923,,
19-09-2019,25.5236,24.6349,,
18-09-2019,25.7089,24.8143,,
17-09-2019,25.711,24.8168,,
16-09-2019,26.109,25.2016,,
13-09-2019,26.1602,25.2526,,
12-09-2019,26.0158,25.1136,,
11-09-2019,25.9175,25.0192,,
09-09-2019,25.8772,24.9814,,
06-09-2019,25.734,24.8446,,
05-09-2019,25.4532,24.5741,,
04-09-2019,25.3484,24.4734,,
03-09-2019,25.3389,24.4647,,
30-08-2019,25.4665,24.59,,
29-08-2019,25.3295,24.4581,,#REF!
28-08-2019,25.387,24.5142,,
27-08-2019,25.4362,24.5622,,
26-08-2019,25.313,24.4438,,
23-08-2019,25.2568,24.3909,,
22-08-2019,25.3023,24.4354,,
21-08-2019,25.3425,24.4747,,
20-08-2019,25.4496,24.5787,,
19-08-2019,25.3342,24.4677,,
16-08-2019,25.2151,24.3542,,
14-08-2019,25.3405,24.4763,,
13-08-2019,25.1758,24.3177,,
09-08-2019,25.6017,24.7311,,
08-08-2019,25.2781,24.419,,
07-08-2019,25.122,24.2687,,
06-08-2019,25.0166,24.1674,,
05-08-2019,25.0866,24.2355,,
02-08-2019,25.3326,24.4746,,
01-08-2019,25.2207,24.367,,
31-07-2019,25.4959,24.6334,,
30-07-2019,25.5037,24.6414,,
29-07-2019,25.7339,24.8644,,
26-07-2019,25.5915,24.7283,,
25-07-2019,25.5733,24.7112,,
24-07-2019,25.4847,24.6261,,
23-07-2019,25.61,24.7477,,
22-07-2019,25.5424,24.6828,,
19-07-2019,25.7246,24.8605,,
18-07-2019,26.0274,25.1537,,
17-07-2019,26.1404,25.2634,,
16-07-2019,26.1682,25.2907,,
15-07-2019,26.0776,25.2037,,
12-07-2019,26.0614,25.1896,,
11-07-2019,26.0614,25.1901,,
10-07-2019,25.8704,25.0061,,
09-07-2019,25.916,25.0506,,
08-07-2019,25.9126,25.0479,,
05-07-2019,26.2377,25.3638,,
04-07-2019,26.42,25.5405,,
03-07-2019,26.3563,25.4795,,
02-07-2019,26.2872,25.4132,,
01-07-2019,26.2343,25.3626,,
28-06-2019,26.0797,25.2147,,
27-06-2019,26.094,25.2291,,
26-06-2019,26.0542,25.1911,,
25-06-2019,26.116,25.2514,,
24-06-2019,26.0706,25.208,,
21-06-2019,26.0862,25.2247,,
20-06-2019,26.0959,25.2346,,
19-06-2019,25.9815,25.1245,,
18-06-2019,25.9534,25.0979,,
17-06-2019,25.852,25.0003,,
14-06-2019,25.9947,25.1399,,
13-06-2019,26.058,25.2017,,
12-06-2019,26.1397,25.2813,,
11-06-2019,26.1658,25.307,,
10-06-2019,25.9311,25.0806,,
07-06-2019,25.7479,24.905,,
06-06-2019,25.6329,24.7942,,
04-06-2019,25.6314,24.7938,,
03-06-2019,25.9083,25.0622,,
31-05-2019,25.8935,25.0495,,
30-05-2019,25.9255,25.081,,
29-05-2019,25.9417,25.0971,,
28-05-2019,25.9455,25.1014,,
27-05-2019,25.9745,25.13,,
24-05-2019,25.7751,24.9387,,
23-05-2019,25.6535,24.8215,,
22-05-2019,25.7381,24.9039,,
21-05-2019,25.5631,24.7351,,
20-05-2019,25.72,24.8874,,
17-05-2019,25.5949,24.7679,,
16-05-2019,25.3881,24.5683,,
15-05-2019,25.1967,24.3836,,
14-05-2019,25.2801,24.4649,,
13-05-2019,25.3097,24.494,,
10-05-2019,25.4072,24.5899,,
09-05-2019,25.4886,24.6692,,
08-05-2019,25.5004,24.6811,,
07-05-2019,25.76,24.9328,,
06-05-2019,25.8424,25.0132,,
03-05-2019,25.8615,25.0332,,
02-05-2019,25.8902,25.0615,,
30-04-2019,26.0999,25.2656,,
26-04-2019,26.1996,25.3642,,
25-04-2019,26.1283,25.2957,,
24-04-2019,26.2391,25.4036,,
23-04-2019,26.1443,25.3124,,
22-04-2019,26.0766,25.2473,,
18-04-2019,26.1428,25.3136,,
16-04-2019,26.0332,25.2085,,
15-04-2019,25.9122,25.0919,,
12-04-2019,25.8412,25.0247,,
11-04-2019,25.7837,24.9696,,
10-04-2019,25.7843,24.9707,,
09-04-2019,25.8404,25.0255,,
08-04-2019,25.8314,25.0174,,
05-04-2019,25.9271,25.1116,,
04-04-2019,25.783,24.9726,,
03-04-2019,25.8185,25.0076,,
02-04-2019,25.825,25.0143,,
01-04-2019,25.71,24.9035,,
29-03-2019,25.7309,24.9254,,
28-03-2019,25.7546,24.9488,,
27-03-2019,25.5355,24.7371,,
26-03-2019,25.5237,24.7262,,
25-03-2019,25.4415,24.6471,,
22-03-2019,25.6598,24.8601,,
20-03-2019,25.6223,24.8249,,
19-03-2019,25.5763,24.7808,,
18-03-2019,25.5595,24.7651,,
15-03-2019,25.6512,24.8555,,
14-03-2019,25.6426,24.8477,,
13-03-2019,25.6122,24.8188,,
12-03-2019,25.6917,24.8964,,
11-03-2019,25.369,24.5841,,
08-03-2019,25.1803,24.4028,,
07-03-2019,25.2726,24.4928,,
06-03-2019,25.2795,24.5001,,
05-03-2019,25.2455,24.4677,,
01-03-2019,24.9816,24.2139,,
28-02-2019,24.9276,24.1621,,
27-02-2019,24.9483,24.1827,,
26-02-2019,24.8863,24.1231,,
25-02-2019,24.8137,24.0532,,
22-02-2019,24.677,23.9223,,
21-02-2019,24.7609,24.0041,,
20-02-2019,24.7077,23.953,,
19-02-2019,24.6488,23.8964,,
18-02-2019,24.6162,23.8653,,
15-02-2019,24.7053,23.9533,,
14-02-2019,24.8092,24.0545,,
13-02-2019,24.7591,24.0065,,
12-02-2019,24.6497,23.9008,,
11-02-2019,24.7042,23.9542,,
08-02-2019,24.7221,23.9731,,
07-02-2019,24.975,24.2188,,
06-02-2019,24.9593,24.2042,,
05-02-2019,24.843,24.0919,,
04-02-2019,24.7521,24.0043,,
01-02-2019,24.7014,23.9566,,
31-01-2019,24.36,23.626,,
30-01-2019,24.1769,23.4489,,
29-01-2019,24.0384,23.3151,,
28-01-2019,24.0831,23.359,,
25-01-2019,24.1299,23.4058,,
24-01-2019,24.196,23.4704,,
23-01-2019,24.1475,23.4239,,
22-01-2019,24.2741,23.5471,,
21-01-2019,24.3072,23.5798,,
18-01-2019,24.2547,23.5304,,
17-01-2019,24.3106,23.5851,,
16-01-2019,24.2797,23.5556,,
15-01-2019,24.1879,23.4671,,
14-01-2019,24.2054,23.4846,,
11-01-2019,24.2701,23.5489,,
10-01-2019,24.223,23.5037,,
09-01-2019,24.1682,23.451,,
08-01-2019,24.0359,23.3231,,
07-01-2019,23.9844,23.2736,,
04-01-2019,23.7828,23.0795,,
03-01-2019,24.0002,23.2909,,
02-01-2019,24.0361,23.3263,,
01-01-2019,24.1411,23.4287,,
31-12-2018,24.0551,23.3458,,
28-12-2018,24.0258,23.3188,,
27-12-2018,23.9137,23.2105,,
26-12-2018,23.6402,22.9455,,
24-12-2018,23.6853,22.9903,,
21-12-2018,23.8979,23.1982,,
20-12-2018,24.0753,23.3708,,
19-12-2018,24.1616,23.4552,,
18-12-2018,24.0203,23.3185,,
17-12-2018,24.1146,23.4105,,
14-12-2018,24.1537,23.45,,
13-12-2018,24.198,23.4935,,
12-12-2018,24.0439,23.3444,,
11-12-2018,23.8208,23.1282,,
10-12-2018,23.744,23.0541,,
07-12-2018,23.9702,23.2752,,
06-12-2018,23.9116,23.2188,,
05-12-2018,23.9598,23.2662,,
04-12-2018,24.2282,23.5272,,
03-12-2018,24.2018,23.5022,,
30-11-2018,24.1532,23.4565,,
29-11-2018,24.043,23.35,,
28-11-2018,23.8769,23.1892,,
27-11-2018,23.7984,23.1132,,
26-11-2018,23.6178,22.9383,,
22-11-2018,23.59,22.9132,,
21-11-2018,23.514,22.8399,,
20-11-2018,23.5392,22.8649,,
19-11-2018,23.8412,23.1587,,
16-11-2018,23.8317,23.1509,,
15-11-2018,23.6072,22.9334,,
14-11-2018,23.5227,22.8518,,
13-11-2018,23.5216,22.8513,,
12-11-2018,23.6286,22.9557,,
09-11-2018,23.705,23.0313,,
06-11-2018,23.5384,22.871,,
05-11-2018,23.7599,23.0867,,
02-11-2018,23.8364,23.1625,,
01-11-2018,23.8388,23.1654,,
31-10-2018,23.6279,22.9609,,
30-10-2018,23.3472,22.6886,,
29-10-2018,23.4989,22.8366,,
26-10-2018,23.4248,22.766,,
25-10-2018,23.2909,22.6363,,
24-10-2018,23.6359,22.9721,,
23-10-2018,23.6342,22.9709,,
22-10-2018,23.6998,23.0352,,
19-10-2018,23.8373,23.1699,,
17-10-2018,24.1226,23.4478,,
16-10-2018,24.1122,23.438,,
15-10-2018,24.0684,23.3958,,
12-10-2018,23.904,23.2371,,
11-10-2018,23.7732,23.1103,,
10-10-2018,24.2182,23.5432,,
09-10-2018,24.0259,23.3565,,
08-10-2018,24.0456,23.376,,
05-10-2018,24.3539,23.6767,,
04-10-2018,24.7645,24.0763,,
03-10-2018,24.8945,24.203,,
01-10-2018,25.0111,24.317,,
28-09-2018,25.0927,24.3976,,
27-09-2018,25.1033,24.4082,,
26-09-2018,25.2972,24.5971,,
25-09-2018,25.296,24.5963,,
24-09-2018,25.2504,24.5524,,
21-09-2018,25.4779,24.7747,,
19-09-2018,25.5436,24.8392,,
18-09-2018,25.5631,24.8585,,
17-09-2018,25.7486,25.0392,,
14-09-2018,25.9212,25.2082,,
12-09-2018,25.8616,25.151,,
11-09-2018,25.889,25.178,,
10-09-2018,25.9784,25.2657,,
07-09-2018,26.1159,25.4005,,
06-09-2018,26.0822,25.3681,,
05-09-2018,25.9845,25.2735,,
04-09-2018,26.2316,25.5142,,
03-09-2018,26.3399,25.6199,,
31-08-2018,26.4697,25.747,,
30-08-2018,26.5161,25.7925,,
29-08-2018,26.4529,25.7314,,
28-08-2018,26.424,25.7038,,
27-08-2018,26.2572,25.5419,,
24-08-2018,26.0619,25.353,,
23-08-2018,26.0969,25.3875,,
21-08-2018,26.0474,25.3401,,
20-08-2018,26.0423,25.3355,,
17-08-2018,26.0426,25.3369,,
16-08-2018,26.0185,25.3139,,
14-08-2018,25.9312,25.2295,,
13-08-2018,25.7608,25.0641,,
10-08-2018,25.9092,25.2096,,
09-08-2018,26.0032,25.3014,,
08-08-2018,25.9868,25.2858,,
07-08-2018,25.9508,25.2512,,
06-08-2018,25.8349,25.1388,,
03-08-2018,25.772,25.0788,,
02-08-2018,25.4975,24.812,,
01-08-2018,25.4946,24.8096,,
31-07-2018,25.4667,24.7828,,
30-07-2018,25.5139,24.829,,
27-07-2018,25.6163,24.9298,,
26-07-2018,25.807,25.1158,,
25-07-2018,25.6847,24.9971,,
24-07-2018,25.5762,24.892,,
23-07-2018,25.4632,24.7824,,
20-07-2018,25.451,24.7716,,
19-07-2018,25.296,24.6211,,
18-07-2018,25.2953,24.6208,,
17-07-2018,25.2035,24.5317,,
16-07-2018,25.1669,24.4965,,
13-07-2018,25.3257,24.6521,,
12-07-2018,25.3093,24.6366,,
11-07-2018,25.3064,24.6341,,
10-07-2018,25.3657,24.6922,,
09-07-2018,25.261,24.5907,,
06-07-2018,25.0613,24.3974,,
05-07-2018,24.8273,24.1699,,
04-07-2018,24.7756,24.12,,
03-07-2018,24.566,23.9163,,
02-07-2018,24.487,23.8399,,
29-06-2018,24.4894,23.8433,,
28-06-2018,24.3044,23.6635,,
27-06-2018,24.6289,23.9798,,
26-06-2018,24.7693,24.1171,,
25-06-2018,25.029,24.3703,,
22-06-2018,24.9886,24.3321,,
21-06-2018,25.0151,24.3583,,
20-06-2018,24.9442,24.2896,,
19-06-2018,24.9404,24.2863,,
18-06-2018,24.9431,24.2893,,
15-06-2018,24.8694,24.2186,,
14-06-2018,24.8297,24.1803,,
13-06-2018,24.7997,24.1514,,
12-06-2018,24.8178,24.1694,,
11-06-2018,24.6082,23.9657,,
08-06-2018,24.4881,23.8498,,
07-06-2018,24.3553,23.7208,,
06-06-2018,24.2372,23.6061,,
05-06-2018,24.1523,23.5238,,
04-06-2018,24.2593,23.6283,,
01-06-2018,24.2655,23.6354,,
31-05-2018,24.293,23.6626,,
30-05-2018,24.2946,23.6646,,
29-05-2018,24.2944,23.6647,,
28-05-2018,24.3155,23.6857,,
25-05-2018,24.298,23.6697,,
24-05-2018,24.2017,23.5761,,
23-05-2018,24.1905,23.5657,,
22-05-2018,24.2693,23.6428,,
21-05-2018,24.0117,23.3922,,
18-05-2018,24.2885,23.6629,,
17-05-2018,24.3748,23.7473,,
16-05-2018,24.2766,23.652,,
15-05-2018,24.2909,23.6663,,
14-05-2018,24.2366,23.6137,,
11-05-2018,24.1926,23.5719,,
10-05-2018,24.046,23.4294,,
09-05-2018,24.0225,23.4069,,
08-05-2018,23.985,23.3707,,
07-05-2018,23.9446,23.3317,,
04-05-2018,23.8201,23.2114,,
03-05-2018,23.8823,23.2724,,
02-05-2018,23.9507,23.3394,,
30-04-2018,24.1046,23.4901,,
27-04-2018,23.9822,23.3719,,
26-04-2018,23.697,23.0943,,
25-04-2018,23.6817,23.0798,,
24-04-2018,23.8781,23.2715,,
23-04-2018,23.7761,23.1724,,
20-04-2018,23.848,23.2436,,
19-04-2018,23.7685,23.1665,,
18-04-2018,23.7885,23.1862,,
17-04-2018,23.7419,23.1411,,
16-04-2018,23.6884,23.0894,,
13-04-2018,23.6301,23.0336,,
12-04-2018,23.5754,22.9806,,
11-04-2018,23.5595,22.9655,,
10-04-2018,23.499,22.9069,,
09-04-2018,23.4644,22.8735,,
06-04-2018,23.4551,22.8655,,
05-04-2018,23.2377,22.6539,,
04-04-2018,23.0448,22.4662,,
03-04-2018,23.0664,22.4876,,
02-04-2018,23.1121,22.5325,,
28-03-2018,22.9248,22.3516,,
27-03-2018,23.1745,22.5954,,
26-03-2018,23.0584,22.4826,,
23-03-2018,22.9944,22.4212,,
22-03-2018,23.3215,22.7404,,
21-03-2018,23.4188,22.8356,,
20-03-2018,23.4615,22.8776,,
19-03-2018,23.6366,23.0488,,
16-03-2018,23.839,23.2472,,
15-03-2018,23.9856,23.3904,,
14-03-2018,23.93,23.3366,,
13-03-2018,24.0771,23.4804,,
12-03-2018,24.0299,23.4347,,
09-03-2018,23.8226,23.2336,,
08-03-2018,23.8123,23.2239,,
07-03-2018,23.7273,23.1413,,
06-03-2018,23.8103,23.2227,,
05-03-2018,23.787,23.2003,,
01-03-2018,24.0247,23.4335,,
28-02-2018,24.158,23.564,,
27-02-2018,24.3072,23.7099,,
26-02-2018,24.235,23.6398,,
23-02-2018,24.0526,23.4629,,
22-02-2018,23.881,23.2959,,
21-02-2018,23.8517,23.2676,,
20-02-2018,23.8643,23.2803,,
19-02-2018,23.8472,23.2639,,
16-02-2018,23.8965,23.3131,,
15-02-2018,23.9235,23.3398,,
14-02-2018,23.9028,23.3199,,
12-02-2018,23.733,23.155,,
09-02-2018,23.6062,23.0323,,
08-02-2018,23.8953,23.3147,,
07-02-2018,23.7522,23.1755,,
06-02-2018,23.5155,22.9449,,
05-02-2018,23.9446,23.364,,
02-02-2018,24.3026,23.7144,,
01-02-2018,24.6148,24.0194,,
31-01-2018,24.6526,24.0565,,
30-01-2018,24.7586,24.1604,,
29-01-2018,24.8629,24.2626,,
25-01-2018,24.8838,24.2844,,
24-01-2018,24.9279,24.3278,,
23-01-2018,24.8968,24.2978,,
22-01-2018,24.7645,24.1691,,
19-01-2018,24.6804,24.0882,,
18-01-2018,24.5478,23.9591,,
17-01-2018,24.5658,23.977,,
16-01-2018,24.4898,23.9032,,
15-01-2018,24.5405,23.953,,
12-01-2018,24.5179,23.9322,,
11-01-2018,24.4403,23.8568,,
10-01-2018,24.4527,23.8692,,
09-01-2018,24.389,23.8074,,
08-01-2018,24.3825,23.8013,,
05-01-2018,24.2602,23.683,,
04-01-2018,24.0692,23.497,,
03-01-2018,23.9624,23.393,,
02-01-2018,23.8867,23.3195,,
01-01-2018,24.0022,23.4327,,
29-12-2017,24.0155,23.4467,,
28-12-2017,23.912,23.346,,
27-12-2017,23.8366,23.2728,,
26-12-2017,23.9216,23.3562,,
22-12-2017,23.8591,23.2965,,
21-12-2017,23.8911,23.3282,,
20-12-2017,23.9313,23.3678,,
19-12-2017,23.9915,23.4269,,
18-12-2017,23.8682,23.3069,,
15-12-2017,23.7548,23.1972,,
14-12-2017,23.6201,23.066,,
13-12-2017,23.5963,23.0431,,
12-12-2017,23.5901,23.0374,,
11-12-2017,23.6445,23.0909,,
08-12-2017,23.6763,23.123,,
07-12-2017,23.459,22.9112,,
06-12-2017,23.336,22.7914,,
05-12-2017,23.3745,22.8294,,
04-12-2017,23.399,22.8536,,
01-12-2017,23.414,22.8693,,
30-11-2017,23.4262,22.8816,,
29-11-2017,23.4941,22.9482,,
28-11-2017,23.531,22.9847,,
27-11-2017,23.4706,22.926,,
24-11-2017,23.4031,22.8612,,
23-11-2017,23.3792,22.8382,,
22-11-2017,23.4425,22.9003,,
21-11-2017,23.3772,22.8368,,
20-11-2017,23.2486,22.7115,,
17-11-2017,23.1986,22.6638,,
16-11-2017,23.1071,22.5747,,
15-11-2017,23.1628,22.6295,,
14-11-2017,23.2593,22.7241,,
13-11-2017,23.2987,22.7631,,
10-11-2017,23.3515,22.8157,,
09-11-2017,23.2299,22.6972,,
08-11-2017,23.1668,22.636,,
07-11-2017,23.1712,22.6406,,
06-11-2017,23.2493,22.7173,,
03-11-2017,23.223,22.6925,,
02-11-2017,23.2389,22.7084,,
01-11-2017,23.2267,22.6968,,
31-10-2017,23.1678,22.6396,,
30-10-2017,23.1326,22.6056,,
27-10-2017,22.9043,22.3836,,
26-10-2017,22.8518,22.3326,,
25-10-2017,22.8401,22.3215,,
24-10-2017,22.826,22.3081,,
23-10-2017,22.9147,22.3952,,
18-10-2017,22.8318,22.3159,,
17-10-2017,22.8927,22.3758,,
16-10-2017,22.923,22.4057,,
13-10-2017,22.9032,22.3873,,
12-10-2017,22.8459,22.3317,,
11-10-2017,22.7101,22.1992,,
10-10-2017,22.7168,22.2062,,
09-10-2017,22.5913,22.0838,,
06-10-2017,22.5917,22.0852,,
05-10-2017,22.5029,21.9987,,
04-10-2017,22.5466,22.0418,,
03-10-2017,22.581,22.0758,,
29-09-2017,22.4944,21.9926,,
28-09-2017,22.4026,21.9031,,
27-09-2017,22.1802,21.6861,,
26-09-2017,22.2382,21.7431,,
25-09-2017,22.1897,21.696,,
22-09-2017,22.2553,21.7612,,
21-09-2017,22.5515,22.0512,,
20-09-2017,22.4748,21.9765,,
19-09-2017,22.4938,21.9954,,
18-09-2017,22.4678,21.9703,,
15-09-2017,22.3549,21.8609,,
14-09-2017,22.308,21.8154,,
13-09-2017,22.286,21.7942,,
12-09-2017,22.4067,21.9125,,
11-09-2017,22.2923,21.801,,
08-09-2017,22.1743,21.6866,,
07-09-2017,22.0263,21.5423,,
06-09-2017,21.8204,21.3413,,
05-09-2017,21.9812,21.4989,,
04-09-2017,21.8765,21.3968,,
01-09-2017,22.0013,21.52,,
31-08-2017,21.8733,21.3952,,
30-08-2017,21.8524,21.375,,
29-08-2017,21.7681,21.2929,,
28-08-2017,21.7434,21.2691,,
24-08-2017,21.6842,21.2125,,
23-08-2017,21.6361,21.1658,,
22-08-2017,21.3801,20.9157,,
21-08-2017,21.3871,20.9228,,
18-08-2017,21.4647,20.9998,,
17-08-2017,21.5577,21.091,,
16-08-2017,21.5907,21.1236,,
14-08-2017,21.4087,20.9463,,
11-08-2017,21.1589,20.7029,,
10-08-2017,21.2619,20.804,,
09-08-2017,21.5216,21.0585,,
08-08-2017,21.6429,21.1774,,
07-08-2017,21.719,21.2522,,
04-08-2017,21.5011,21.04,,
03-08-2017,21.5009,21.0401,,
02-08-2017,21.6111,21.1483,,
01-08-2017,21.6321,21.1692,,
31-07-2017,21.6668,21.2035,,
28-07-2017,21.5897,21.129,,
27-07-2017,21.6567,21.1949,,
26-07-2017,21.5679,21.1083,,
25-07-2017,21.6492,21.1882,,
24-07-2017,21.6318,21.1715,,
21-07-2017,21.6792,21.2189,,
20-07-2017,21.6199,21.1612,,
19-07-2017,21.585,21.1274,,
18-07-2017,21.4846,21.0294,,
17-07-2017,21.4763,21.0216,,
14-07-2017,21.4205,20.9679,,
13-07-2017,21.4396,20.987,,
12-07-2017,21.3525,20.9021,,
11-07-2017,21.2919,20.843,,
10-07-2017,21.2347,20.7873,,
07-07-2017,21.1737,20.7286,,
06-07-2017,21.2242,20.7784,,
05-07-2017,21.1587,20.7146,,
04-07-2017,21.0588,20.6171,,
03-07-2017,21.0743,20.6325,,
30-06-2017,21.0498,20.6096,,
29-06-2017,21.0941,20.6532,,
28-06-2017,20.944,20.5066,,
27-06-2017,21.0212,20.5825,,
23-06-2017,21.1607,20.7203,,
22-06-2017,21.2553,20.8134,,
21-06-2017,21.2767,20.8346,,
20-06-2017,21.2746,20.8329,,
19-06-2017,21.1512,20.7124,,
16-06-2017,21.0575,20.6216,,
15-06-2017,21.0473,20.6119,,
14-06-2017,21.0562,20.621,,
13-06-2017,21.007,20.5731,,
12-06-2017,20.9866,20.5534,,
09-06-2017,21.1142,20.6793,,
08-06-2017,21.0633,20.6298,,
07-06-2017,21.0268,20.5944,,
06-06-2017,20.9691,20.5382,,
05-06-2017,20.9076,20.4783,,
02-06-2017,20.839,20.412,,
01-06-2017,20.79,20.3644,,
31-05-2017,20.7561,20.3315,,
30-05-2017,20.6771,20.2545,,
29-05-2017,20.548,20.1283,,
26-05-2017,20.5865,20.1669,,
25-05-2017,20.4516,20.0351,,
24-05-2017,20.2817,19.869,,
23-05-2017,20.3351,19.9217,,
22-05-2017,20.3818,19.9677,,
19-05-2017,20.4032,19.9896,,
18-05-2017,20.4518,20.0375,,
17-05-2017,20.6809,20.2623,,
16-05-2017,20.5846,20.1683,,
15-05-2017,20.4913,20.0771,,
12-05-2017,20.4212,20.0094,,
11-05-2017,20.4734,20.0609,,
10-05-2017,20.5377,20.1242,,
09-05-2017,20.4473,20.0359,,
08-05-2017,20.4342,20.0234,,
05-05-2017,20.3637,19.9553,,
04-05-2017,20.4236,20.0143,,
03-05-2017,20.3061,19.8994,,
02-05-2017,20.3697,19.9621,,
28-04-2017,20.3305,19.9249,,
27-04-2017,20.3199,19.9148,,
26-04-2017,20.3498,19.9444,,
25-04-2017,20.2661,19.8627,,
24-04-2017,20.04,19.6414,,
21-04-2017,19.9565,19.5605,,
20-04-2017,19.931,19.5358,,
19-04-2017,19.9572,19.5618,,
18-04-2017,19.9864,19.5907,,
17-04-2017,19.9411,19.5466,,
13-04-2017,19.9003,19.5079,,
12-04-2017,19.8824,19.4906,,
11-04-2017,19.9393,19.5468,,
10-04-2017,19.8621,19.4713,,
07-04-2017,19.8454,19.456,,
06-04-2017,19.9121,19.5218,,
05-04-2017,19.9909,19.5994,,
03-04-2017,19.9799,19.5893,,
31-03-2017,19.9376,19.5487,,
30-03-2017,19.9781,19.5887,,
29-03-2017,19.9684,19.5795,,
28-03-2017,19.8555,19.469,,
27-03-2017,19.7549,19.3707,,
24-03-2017,19.7134,19.3309,,
23-03-2017,19.7111,19.329,,
22-03-2017,19.7119,19.3301,,
21-03-2017,19.8806,19.4958,,
20-03-2017,19.9274,19.542,,
17-03-2017,19.9411,19.5563,,
16-03-2017,19.8994,19.5158,,
15-03-2017,19.8031,19.4217,,
14-03-2017,19.7982,19.4171,,
10-03-2017,19.6579,19.2807,,
09-03-2017,19.6961,19.3185,,
08-03-2017,19.7017,19.3244,,
07-03-2017,19.7386,19.3608,,
06-03-2017,19.7437,19.3662,,
03-03-2017,19.7183,19.3421,,
02-03-2017,19.7618,19.3851,,
01-03-2017,19.7209,19.3452,,
28-02-2017,19.6606,19.2863,,
27-02-2017,19.63,19.2566,,
23-02-2017,19.6015,19.2299,,
22-02-2017,19.5653,19.1946,,
21-02-2017,19.5744,19.2038,,
20-02-2017,19.492,19.1233,,
17-02-2017,19.4202,19.0538,,
16-02-2017,19.3974,19.0317,,
15-02-2017,19.3286,18.9644,,
14-02-2017,19.3364,18.9724,,
13-02-2017,19.316,18.9527,,
10-02-2017,19.3205,18.958,,
09-02-2017,19.3789,19.0157,,
08-02-2017,19.3247,18.9627,,
07-02-2017,19.3356,18.9738,,
06-02-2017,19.3135,18.9523,,
03-02-2017,19.1583,18.8009,,
02-02-2017,19.1099,18.7537,,
01-02-2017,19.0838,18.7284,,
31-01-2017,19.0001,18.6466,,
30-01-2017,19.1486,18.7925,,
27-01-2017,19.1329,18.778,,
25-01-2017,18.9725,18.6212,,
24-01-2017,18.8359,18.4874,,
23-01-2017,18.6936,18.3481,,
20-01-2017,18.6883,18.3437,,
19-01-2017,18.8035,18.4571,,
18-01-2017,18.818,18.4716,,
17-01-2017,18.7614,18.4163,,
16-01-2017,18.6878,18.3443,,
13-01-2017,18.6945,18.3518,,
12-01-2017,18.7226,18.3797,,
11-01-2017,18.7438,18.4007,,
10-01-2017,18.6429,18.302,,
09-01-2017,18.6347,18.2942,,
06-01-2017,18.5963,18.2574,,
05-01-2017,18.586,18.2476,,
04-01-2017,18.4996,18.163,,
03-01-2017,18.4653,18.1296,,
02-01-2017,18.3968,18.0626,,
30-12-2016,18.4589,18.1245,,
29-12-2016,18.3732,18.0407,,
28-12-2016,18.3198,17.9884,,
27-12-2016,18.2012,17.8723,,
26-12-2016,18.1524,17.8247,,
23-12-2016,18.2574,17.9286,,
22-12-2016,18.2728,17.944,,
21-12-2016,18.4505,18.1188,,
20-12-2016,18.4542,18.1227,,
19-12-2016,18.5217,18.1892,,
16-12-2016,18.604,18.271,,
15-12-2016,18.5923,18.2598,,
14-12-2016,18.5897,18.2575,,
13-12-2016,18.5449,18.2139,,
12-12-2016,18.5693,18.2381,,
09-12-2016,18.5456,18.2156,,
08-12-2016,18.5342,18.2047,,
07-12-2016,18.3324,18.0067,,
06-12-2016,18.4046,18.078,,
05-12-2016,18.3127,17.988,,
02-12-2016,18.3265,18.0024,,
01-12-2016,18.4634,18.1371,,
30-11-2016,18.4973,18.1707,,
29-11-2016,18.3164,17.9932,,
28-11-2016,18.2642,17.9423,,
25-11-2016,18.2435,17.9228,,
24-11-2016,18.1892,17.8698,,
23-11-2016,18.1639,17.8452,,
22-11-2016,18.0998,17.7826,,
21-11-2016,17.9961,17.6808,,
18-11-2016,18.1954,17.8776,,
17-11-2016,18.1747,17.8574,,
16-11-2016,18.212,17.8944,,
15-11-2016,18.1541,17.8378,,
11-11-2016,18.6495,18.3257,,
10-11-2016,18.9468,18.6181,,
09-11-2016,18.8162,18.4901,,
08-11-2016,18.8454,18.5191,,
07-11-2016,18.661,18.3382,,
04-11-2016,18.6496,18.3278,,
03-11-2016,18.8354,18.5107,,
02-11-2016,18.9277,18.6017,,
01-11-2016,19.0649,18.7368,,
28-10-2016,19.0744,18.7473,,
27-10-2016,19.0242,18.6983,,
26-10-2016,19.3106,18.98,,
25-10-2016,19.5028,19.1693,,
24-10-2016,19.4246,19.0927,,
21-10-2016,19.4007,19.0702,,
20-10-2016,19.4001,19.0699,,
19-10-2016,19.3756,19.0461,,
18-10-2016,19.3835,19.054,,
17-10-2016,19.285,18.9575,,
14-10-2016,19.1743,18.8496,,
13-10-2016,19.017,18.6953,,
10-10-2016,19.0915,18.7694,,
07-10-2016,19.1083,18.7868,,
06-10-2016,19.075,18.7543,,
05-10-2016,19.0092,18.6899,,
04-10-2016,18.9342,18.6165,,
03-10-2016,18.7893,18.4743,,
30-09-2016,18.6047,18.2937,,
29-09-2016,18.5152,18.2059,,
28-09-2016,18.6678,18.3563,,
27-09-2016,18.5842,18.2743,,
26-09-2016,18.6328,18.3224,,
23-09-2016,18.7479,18.4365,,
22-09-2016,18.7464,18.4353,,
21-09-2016,18.5989,18.2905,,
20-09-2016,18.5605,18.253,,
19-09-2016,18.5769,18.2695,,
16-09-2016,18.6669,18.3588,,
15-09-2016,18.5574,18.2514,,
14-09-2016,18.5834,18.2773,,
12-09-2016,18.5446,18.2398,,
09-09-2016,18.8304,18.5216,,
08-09-2016,18.9369,18.6268,,
07-09-2016,18.9061,18.5967,,
06-09-2016,18.9162,18.6069,,
02-09-2016,18.7691,18.4634,,
01-09-2016,18.7248,18.4201,,
31-08-2016,18.8414,18.5351,,
30-08-2016,18.7714,18.4665,,
29-08-2016,18.6524,18.3498,,
26-08-2016,18.6223,18.3209,,
25-08-2016,18.5848,18.2844,,
24-08-2016,18.5991,18.2987,,
23-08-2016,18.4684,18.1704,,
22-08-2016,18.4543,18.1568,,
19-08-2016,18.4641,18.1673,,
18-08-2016,18.4204,18.1246,,
17-08-2016,18.3077,18.014,,
16-08-2016,18.3541,18.0599,,
12-08-2016,18.414,18.12,,
11-08-2016,18.3143,18.0222,,
10-08-2016,18.2848,17.9934,,
09-08-2016,18.3788,18.0862,,
08-08-2016,18.4807,18.1868,,
05-08-2016,18.394,18.1022,,
04-08-2016,18.1847,17.8965,,
03-08-2016,18.2044,17.9163,,
02-08-2016,18.3353,18.0453,,
01-08-2016,18.3375,18.0478,,
29-07-2016,18.3486,18.0593,,
28-07-2016,18.3523,18.0633,,
27-07-2016,18.2201,17.9335,,
26-07-2016,18.2017,17.9157,,
25-07-2016,18.1292,17.8446,,
22-07-2016,18.055,17.7723,,
21-07-2016,18.0206,17.7388,,
20-07-2016,18.0143,17.7328,,
19-07-2016,17.9548,17.6746,,
18-07-2016,17.7917,17.5142,,
15-07-2016,17.8406,17.5632,,
14-07-2016,17.8766,17.5989,,
13-07-2016,17.9342,17.6559,,
12-07-2016,17.9102,17.6325,,
11-07-2016,17.85,17.5736,,
08-07-2016,17.6548,17.3822,,
07-07-2016,17.6633,17.3908,,
05-07-2016,17.6714,17.3993,,
04-07-2016,17.7378,17.465,,
01-07-2016,17.5883,17.3186,,
30-06-2016,17.5526,17.2837,,
29-06-2016,17.4234,17.1568,,
28-06-2016,17.2582,16.9944,,
27-06-2016,17.344,17.0791,,
24-06-2016,17.4377,17.1723,,
23-06-2016,17.581,17.3136,,
22-06-2016,17.5712,17.3043,,
21-06-2016,17.5603,17.2938,,
20-06-2016,17.4949,17.2296,,
17-06-2016,17.5641,17.2987,,
16-06-2016,17.5674,17.3021,,
15-06-2016,17.4682,17.2047,,
14-06-2016,17.4443,17.1814,,
13-06-2016,17.4619,17.199,,
10-06-2016,17.6065,17.3422,,
09-06-2016,17.6456,17.381,,
08-06-2016,17.5812,17.3178,,
07-06-2016,17.5363,17.2738,,
06-06-2016,17.3983,17.1381,,
03-06-2016,17.4335,17.1737,,
02-06-2016,17.4014,17.1423,,
01-06-2016,17.4435,17.184,,
31-05-2016,17.4491,17.1897,,
30-05-2016,17.4826,17.2231,,
27-05-2016,17.4235,17.1656,,
26-05-2016,17.4042,17.1467,,
25-05-2016,17.2329,16.9783,,
24-05-2016,17.08,16.8279,,
23-05-2016,17.0928,16.8407,,
20-05-2016,17.0392,16.7887,,
19-05-2016,17.2295,16.9766,,
18-05-2016,17.325,17.0709,,
17-05-2016,17.3681,17.1136,,
16-05-2016,17.3054,17.0521,,
13-05-2016,17.3258,17.073,,
12-05-2016,17.3688,17.1157,,
11-05-2016,17.2315,16.9806,,
10-05-2016,17.1656,16.9159,,
09-05-2016,17.0948,16.8464,,
06-05-2016,16.9841,16.7381,,
05-05-2016,16.9444,16.6992,,
04-05-2016,17.0432,16.7969,,
03-05-2016,17.1043,16.8573,,
02-05-2016,17.1338,16.8866,,
29-04-2016,17.1537,16.9071,,
28-04-2016,17.1937,16.9467,,
27-04-2016,17.1785,16.932,,
26-04-2016,17.2348,16.9877,,
25-04-2016,17.2321,16.9854,,
22-04-2016,17.4152,17.1666,,
21-04-2016,17.4061,17.158,,
20-04-2016,17.3721,17.1247,,
18-04-2016,17.382,17.1349,,
13-04-2016,17.1254,16.8833,,
12-04-2016,16.9352,16.6961,,
11-04-2016,16.909,16.6705,,
08-04-2016,16.8369,16.6001,,
07-04-2016,16.8273,16.591,,
06-04-2016,16.8446,16.6083,,
05-04-2016,16.9273,16.6901,,
04-04-2016,17.0465,16.8078,,
01-04-2016,17.0291,16.7914,,
31-03-2016,17.0661,16.8282,,
30-03-2016,17.005,16.7681,,
29-03-2016,16.7953,16.5617,,
28-03-2016,16.7035,16.4712,,
23-03-2016,16.8314,16.5986,,
22-03-2016,16.7614,16.5298,,
21-03-2016,16.7221,16.4913,,
18-03-2016,16.6138,16.3852,,
17-03-2016,16.5118,16.2848,,
16-03-2016,16.4116,16.1863,,
15-03-2016,16.3377,16.1136,,
14-03-2016,16.3609,16.1368,,
11-03-2016,16.258,16.036,,
10-03-2016,16.2049,15.9838,,
09-03-2016,16.2262,16.005,,
08-03-2016,16.1997,15.9791,,
04-03-2016,16.2373,16.0172,,
03-03-2016,16.2041,15.9847,,
02-03-2016,16.1479,15.9295,,
01-03-2016,15.8379,15.6239,,
29-02-2016,15.6564,15.4451,,
26-02-2016,15.7158,15.5044,,
25-02-2016,15.6638,15.4533,,
24-02-2016,15.7322,15.521,,
23-02-2016,15.9318,15.7182,,
22-02-2016,15.9948,15.7806,,
19-02-2016,15.9674,15.7542,,
18-02-2016,16.0044,15.791,,
17-02-2016,15.8319,15.621,,
16-02-2016,15.7268,15.5176,,
15-02-2016,15.9409,15.729,,
12-02-2016,15.5877,15.3812,,
11-02-2016,15.6903,15.4828,,
10-02-2016,16.0879,15.8752,,
09-02-2016,16.2121,15.998,,
08-02-2016,16.3234,16.1083,,
05-02-2016,16.3692,16.1542,,
04-02-2016,16.3545,16.1399,,
03-02-2016,16.4455,16.23,,
02-02-2016,16.6031,16.3857,,
01-02-2016,16.6609,16.4431,,
29-01-2016,16.5919,16.3756,,
28-01-2016,16.3986,16.1851,,
27-01-2016,16.4458,16.2327,,
25-01-2016,16.451,16.2383,,
22-01-2016,16.3124,16.1022,,
21-01-2016,16.1241,15.9166,,
20-01-2016,16.1072,15.9,,
19-01-2016,16.2189,16.0102,,
18-01-2016,15.9963,15.7909,,
15-01-2016,16.5564,16.3445,,
14-01-2016,16.7277,16.5139,,
13-01-2016,16.9492,16.7327,,
12-01-2016,17.0742,16.8564,,
11-01-2016,17.1288,16.9106,,
08-01-2016,17.2514,17.0324,,
07-01-2016,17.2838,17.0647,,
06-01-2016,17.5596,17.3372,,
05-01-2016,17.5779,17.3556,,
04-01-2016,17.6198,17.3972,,
01-01-2016,17.7309,17.5077,,
31-12-2015,17.7732,17.5497,,
30-12-2015,17.7863,17.5629,,
29-12-2015,17.7387,17.5162,,
28-12-2015,17.7102,17.4883,,
24-12-2015,17.6266,17.4068,,
23-12-2015,17.6517,17.4319,,
22-12-2015,17.5738,17.3551,,
21-12-2015,17.4792,17.262,,
18-12-2015,17.4762,17.2597,,
17-12-2015,17.5397,17.3227,,
16-12-2015,17.3893,17.1744,,
15-12-2015,17.3142,17.1005,,
14-12-2015,17.211,16.9986,,
11-12-2015,17.2944,17.0818,,
10-12-2015,17.4146,17.2008,,
09-12-2015,17.3727,17.1597,,
08-12-2015,17.5734,17.3581,,
07-12-2015,17.6875,17.4711,,
04-12-2015,17.632,17.4171,,
03-12-2015,17.723,17.5072,,
02-12-2015,17.7626,17.5466,,
01-12-2015,17.72,17.5048,,
30-11-2015,17.8154,17.5993,,
27-11-2015,17.6701,17.4566,,
26-11-2015,17.6377,17.4247,,
24-11-2015,17.4213,17.2114,,
23-11-2015,17.421,17.2114,,
20-11-2015,17.3094,17.1019,,
19-11-2015,17.2649,17.0582,,
18-11-2015,17.1046,16.9001,,
17-11-2015,17.2018,16.9964,,
16-11-2015,17.1051,16.9011,,
13-11-2015,17.1115,16.9081,,
10-11-2015,17.0605,16.8592,,
09-11-2015,17.1912,16.9887,,
06-11-2015,17.1974,16.9956,,
05-11-2015,17.3254,17.1223,,
04-11-2015,17.3896,17.186,,
03-11-2015,17.4589,17.2548,,
02-11-2015,17.3999,17.1968,,
30-10-2015,17.2922,17.0911,,
29-10-2015,17.2493,17.0488,,
28-10-2015,17.1653,16.966,,
27-10-2015,17.2854,17.085,,
26-10-2015,17.2001,17.001,,
23-10-2015,16.9417,16.7462,,
21-10-2015,16.8546,16.6606,,
20-10-2015,16.9259,16.7312,,
19-10-2015,16.854,16.6604,,
16-10-2015,16.8506,16.6577,,
15-10-2015,16.8024,16.6103,,
14-10-2015,16.7306,16.5396,,
13-10-2015,16.6312,16.4415,,
12-10-2015,16.5215,16.3332,,
09-10-2015,16.5139,16.3264,,
08-10-2015,16.425,16.2387,,
07-10-2015,16.4584,16.2719,,
06-10-2015,16.4672,16.2809,,
05-10-2015,16.387,16.2018,,
01-10-2015,16.1448,15.9632,,
30-09-2015,16.1357,15.9544,,
29-09-2015,16.0695,15.8892,,
28-09-2015,16.227,16.0451,,
24-09-2015,16.2562,16.0749,,
23-09-2015,16.255,16.074,,
22-09-2015,16.33,16.1483,,
21-09-2015,16.4225,16.24,,
18-09-2015,16.5086,16.3258,,
16-09-2015,16.3547,16.1741,,
15-09-2015,16.2858,16.1062,,
14-09-2015,16.4771,16.2956,,
11-09-2015,16.36,16.1804,,
10-09-2015,16.3057,16.1269,,
09-09-2015,16.3121,16.1334,,
08-09-2015,16.0955,15.9194,,
07-09-2015,15.9404,15.7663,,
04-09-2015,16.1642,15.9882,,
03-09-2015,16.3746,16.1965,,
02-09-2015,16.2434,16.067,,
01-09-2015,16.3755,16.1979,,
31-08-2015,16.5872,16.4076,,
28-08-2015,16.6064,16.4272,,
27-08-2015,16.5639,16.3854,,
26-08-2015,16.21,16.0355,,
25-08-2015,16.3163,16.1409,,
24-08-2015,16.2191,16.0449,,
21-08-2015,17.0198,16.8378,,
20-08-2015,17.1514,16.9682,,
19-08-2015,17.3231,17.1383,,
18-08-2015,17.265,17.0811,,
17-08-2015,17.2445,17.061,,
14-08-2015,17.2288,17.0461,,
13-08-2015,17.1021,16.921,,
12-08-2015,17.1477,16.9663,,
11-08-2015,17.3169,17.134,,
10-08-2015,17.3679,17.1848,,
07-08-2015,17.4492,17.2659,,
06-08-2015,17.4855,17.302,,
05-08-2015,17.3809,17.1988,,
04-08-2015,17.4151,17.2328,,
03-08-2015,17.3661,17.1846,,
31-07-2015,17.1952,17.0161,,
30-07-2015,17.1318,16.9537,,
29-07-2015,17.0553,16.8782,,
28-07-2015,16.9681,16.7922,,
27-07-2015,16.9719,16.7961,,
24-07-2015,17.225,17.0473,,
23-07-2015,17.3986,17.2193,,
22-07-2015,17.4756,17.2963,,
21-07-2015,17.4381,17.2594,,
20-07-2015,17.5914,17.4114,,
17-07-2015,17.353,17.1761,,
16-07-2015,17.2139,17.0387,,
15-07-2015,17.1124,16.9385,,
14-07-2015,17.0137,16.841,,
13-07-2015,16.9542,16.7824,,
10-07-2015,16.8145,16.6447,,
09-07-2015,16.8255,16.6559,,
08-07-2015,16.9199,16.7495,,
07-07-2015,17.0401,16.8688,,
06-07-2015,16.937,16.7669,,
03-07-2015,16.9065,16.7374,,
02-07-2015,16.8941,16.7254,,
01-07-2015,16.8275,16.6596,,
30-06-2015,16.7392,16.5725,,
29-06-2015,16.8026,16.6354,,
26-06-2015,16.8993,16.7318,,
25-06-2015,16.9076,16.7403,,
24-06-2015,16.9159,16.7487,,
23-06-2015,16.9541,16.7868,,
22-06-2015,16.8923,16.7258,,
19-06-2015,16.7421,16.5778,,
18-06-2015,16.7002,16.5365,,
17-06-2015,16.6193,16.4566,,
16-06-2015,16.5428,16.3811,,
15-06-2015,16.5428,16.3813,,
12-06-2015,16.5427,16.3818,,
11-06-2015,16.469,16.3092,,
10-06-2015,16.4792,16.3194,,
09-06-2015,16.4288,16.2698,,
08-06-2015,16.4776,16.3183,,
05-06-2015,16.5652,16.4058,,
04-06-2015,16.6551,16.4949,,
03-06-2015,16.617,16.4574,,
02-06-2015,16.7223,16.5619,,
01-06-2015,16.8919,16.7301,,
29-05-2015,16.9597,16.7979,,
28-05-2015,16.8628,16.7022,,
27-05-2015,16.8344,16.6743,,
26-05-2015,16.9014,16.7409,,
25-05-2015,16.9074,16.747,,
22-05-2015,16.9656,16.8054,,
21-05-2015,16.9888,16.8286,,
20-05-2015,17.0129,16.8527,,
19-05-2015,16.9475,16.7881,,
18-05-2015,16.963,16.8037,,
15-05-2015,16.8764,16.7187,,
14-05-2015,16.8057,16.6488,,
13-05-2015,16.7915,16.6349,,
12-05-2015,16.7175,16.5619,,
11-05-2015,16.7742,16.6183,,
08-05-2015,16.5439,16.3908,,
07-05-2015,16.3605,16.2093,,
06-05-2015,16.539,16.3864,,
05-05-2015,16.8783,16.7228,,
04-05-2015,16.9236,16.7679,,
30-04-2015,16.7415,16.5884,,
29-04-2015,16.7186,16.5659,,
28-04-2015,16.648,16.4962,,
27-04-2015,16.4284,16.2788,,
24-04-2015,16.615,16.4644,,
23-04-2015,16.7616,16.6099,,
22-04-2015,16.7796,16.628,,
21-04-2015,16.7661,16.6148,,
20-04-2015,16.6865,16.5361,,
17-04-2015,16.8565,16.7053,,
16-04-2015,16.8679,16.7168,,
15-04-2015,16.8162,16.6658,,
13-04-2015,16.8958,16.7451,,
10-04-2015,16.8989,16.7489,,
09-04-2015,16.7948,16.646,,
08-04-2015,16.6891,16.5414,,
07-04-2015,16.6045,16.4578,,
06-04-2015,16.5628,16.4167,,
01-04-2015,16.5589,16.4139,,